,A,B,C,D,E,F,G,H,I,J,K,L,M,N,O,P,Q,R,S,T,U,V,W,X,Y,Z,AA,AB,AC,AD,AE,AF,AG,AH,AI,AJ,AK
1,Бесплатная база качественных ссылок для увеличения трафика,,,,,,,,,,,,,,,,,,,,,,,,,,,,,,,,,,,,
2,"Забирайте нашу бесплатную подборку сайтов для размещения ссылок. ,,
Мы добавили сюда то, чего нет в других базах — актуальные данные из Ahrefs (трафик, GEO, DR). ,,
И мы обновляем эти данные каждый месяц, чтобы вы принимали решения на основе свежей информации.",,,,,,,,,,,,,,,,,,,,,,,,,,,,,,,,,,,,
3,"↓ Получите ссылочную стратегию, адаптированную под ваш сайт ↓",,,,,,,,,,,,,,,,,,,,,,,,,,,,,,,,,,,,
4,ЗАБРАТЬ СТРАТЕГИЮ,,,,,,,,,,,,,,,,,,,,,,,,,,,,,,,,,,,,
5,Список сайтов,DR,Dof/Nof,Дополнение,Mode,Protocol,URL Rating,Ahrefs Rank,Organic / Total Keywords,Organic / Keywords (Top 3),Organic / Keywords (4-10),Organic / Keywords (11-20),Organic / Keywords (21-50),Organic / Keywords (51+),Organic / Traffic,Organic / Value,Organic / Top Countries,Paid / Keywords,Paid / Ads,Paid / Traffic,Paid / Cost,Ref. domains / All,Ref. domains / Followed,Ref. domains / Not followed,Ref. IPs / IPs,Ref. IPs / Subnets,Backlinks / All,Backlinks / Followed,Backlinks / Not followed,Backlinks / Redirects,Backlinks / Internal,Outgoing domains / Followed,Outgoing domains / All time,Outgoing links / Followed,Outgoing links / All time,Статус,Автоматизация
,,,,,,,,,,,,,,,,,,,,,,,,,,,,,,,,,,,,,
6,https://social.microsoft.com/,96,dofollow,"безанкор, DF. Регаемся, заполняем профиль, в био вносим темат текст.",subdomains,both,9,21,,,,,,,,,,,,,,3168911,2913011,340526,904806,320131,"4,07E+09","3,73E+09","3,43E+08",1586151,"2,03E+08",36179,63032,11165396,11893596,,Вручную
7,openstreetmap.org,94,dofollow,профиль,subdomains,both,50,101,183613,3874,11522,21850,66415,79952,384147,59660.05,"(us, 58495)",,,,,405009,357991,53630,184728,75250,"2,81E+08","2,47E+08",34513597,16509,21130641,1653,52385,958105,3492046,,Полуавто
8,Dribbble.com,93,dofollow,Аналогично проходим быструю регистрацию и переходим в раздел информации о профиле. Указываем контент со ссылкой в биографию и дополнительно проставляем линк в поле Веб-сайт.,subdomains,both,62,125,699895,23836,80117,132656,290876,172410,3352921,1013177.07,"(in, 749672)",14,22,20,13.99,314912,265699,57493,161551,54747,"1,25E+08","1,12E+08",13286163,19463,"4,45E+08",3484,7410,10656982,13203116,,Вручную
9,linktr.ee,93,dofollow,,subdomains,both,52,133,1392807,119178,237895,276626,487672,271436,14041818,2662028.39,"(us, 3991384)",675,853,5868,1622.83,681140,580051,123492,270871,95386,"1,63E+08","1,41E+08",22616453,1350451,488,4,5,26,34,,Полуавто
10,Bandcamp.com,93,dofollow,"Для регистрации используйте ссылку https://bandcamp.com/artists. После регистрации создаете новый альбом, вставляете фотографию 1400х1400 и в описание к альбому вставляете нужный текст со ссылкой на ваш сайт.",subdomains,both,53,161,1144816,49098,138428,183087,386516,387687,2280106,215811.52,"(us, 808360)",8,23,2,0.69,395343,342175,71985,166417,61581,"1,68E+08","1,54E+08",13478240,207622,"2,67E+08",15698,215617,25341262,35928332,,Вручную
11,https://groups.google.com/my-groups,92,dofollow,"Нужна активная учетная запись g-mail.,,Вручную
Нужно перейти по адресу: https://groups.google.com/my-groups во время входа в систему и создать группу.,,Полуавто
После того, как все данные заплонены, на левой боковой панели нажмите на самый нижний значок колеса настроек.,,Полуавто
После этого вы можете добавить «приветственное сообщение» и настроить там свой контент и ссылки.,,Полуавто
Пример как выглядит ссылка: https://groups.google.com/g/arabic-news-x2r?pli=1",subdomains,both,44,543,1211503,15788,107498,211326,530970,345921,928843,130401.21,"(us, 184184)",,,,,32564939,31777220,2611922,3421981,627664,"3,68E+10","3,09E+10","5,86E+09",60188959,"2,19E+08",211682,246028,10592853,11089273,,Полуавто
12,https://www.twitch.tv/shukugf,93,dofollow,"Нужно зарегистрироваться подтвердить мыло.,,Вручную
Создать профиль стримера, редактировать профиль, добавив свой сайт и текст.,,Полуавто
Как выглядит (слева в экране канала описание и ссылка) - https://www.twitch.tv/shukugf,,Полуавто
,,
Вариантов использование два, надо тестить какой лучше.,,Полуавто
Либо вы всегда не в сети и только описание и ссылка и видны, либо идет какой-то стрим описание смещается со ссылкой, но реакция ПС на живой стрим может быть лучше.",subdomains,both,0,173,1709090,69764,128572,182073,624853,703828,36708011,3148007.09,"(us, 7564609)",,,,,369872,294835,101605,211728,77857,"5,45E+08","4,88E+08",57112393,2025770,4745740,15451,15456,228442,401888,,Полуавто
13,https://disqus.com/,92,dofollow,"Создать профиль, заполнить о себе.,,Полуавто
Выглядит так: https://disqus.com/by/laurafrancolaw/about/,,Полуавто
,,
Много юзают с плохо заполненными профилями. В индекс гугл берет всеравно, но вот вес, явно не передает норм, поэтому делайте норм профиля используйте правильно - ссылка сработает отлично тогда.,,Полуавто
,,
P.S>,,Полуавто
Важный момент, дискус это почти постоянный быстробот, и именно в вашем профиле он сидит, это супер индексатор, моментом отправляет в индекс всё, что там вы напишете.",subdomains,both,58,298,9763,212,582,1080,3484,4405,55718,5514.39,"(us, 21574)",,,,,206165,154027,65806,145417,50040,"3,34E+08","2,88E+08",46802830,37357,1760563,36016,36450,249085,2466897,,Полуавто
14,https://plaza.rakuten.co.jp/,93,dofollow,Пример размещения https://plaza.rakuten.co.jp/motozillaua/diary/202212150000/,subdomains,both,31,226,350692,4100,17206,33000,137147,159239,306504,27118.67,"(jp, 260912)",,,,,327547,260246,124231,146058,44755,"1,01E+09","8,56E+08","1,59E+08",849662,"7,73E+08",62044,63008,43666070,59372907,,Полуавто
15,hatena.ne.jp,93,Dofollow,,subdomains,both,16,127,862127,1857,11610,32771,235855,580034,478388,68689.06,"(jp, 476395)",2,3,76,149.01,572760,323354,266655,128006,38265,"1,10E+09","9,82E+08","1,18E+08",611486,"1,40E+09",498050,585626,"1,40E+08","1,66E+08",,Полуавто
16,Rosalind.info,73,dofollow,"Проходим быструю регистрацию и обязательно подтверждаем электронную почту. Заходим в аккаунт, нажимаем Edit и редактируем биографию. Вставляем контент с нужной ссылкой, сохраняем.",subdomains,both,25,68811,2791,17,39,102,841,1792,1604,65.53,"(us, 956)",,,,,16194,6102,10782,15185,7493,1006001,566906,439095,1038,63,,,,,,Полуавто
17,Disqus.com,92,dofollow,"Профильная индексируемая ссылка, которая поможет разбавить общий ссылочный профиль. Регистрируемся и переходим в меню редактирования профиля. В поле Website вставляем нужную ссылку, а в поле Биография текст с анкором. Можно вставить текст до 200 символов.",subdomains,both,58,298,9763,212,582,1080,3484,4405,55718,5514.39,"(us, 21574)",,,,,206165,154027,65806,145417,50040,"3,34E+08","2,88E+08",46802830,37357,1760563,36016,36450,249085,2466897,,Полуавто
18,cornell.edu,92,Nofollow,,subdomains,both,42,498,2585723,189795,305479,341972,862964,885513,6951846,3867538.58,"(us, 5511756)",2223,2480,10675,24881.12,266834,225101,53711,161240,67187,51942199,48314064,3628135,15873,21593530,60414,76598,1977386,3398412,,Полуавто
19,Mixcloud.com,91,dofollow,"Мощный сайт, но посты в блоге можно публиковать только подключив платный тариф. На бесплатном тарифе вы можете заполнить поле биографии нужным текстом и вставить ссылки на продвигаемые страницы.",subdomains,both,28,868,158051,6928,23503,33434,64699,29487,682793,60893.54,"(vn, 64365)",,,,,162204,114778,57914,101958,40218,66676156,59334612,7341544,5895,"4,49E+08",238,182339,17505507,20474089,,Полуавто
20,producthunt.com,91,dofollow,,subdomains,both,34,878,128906,2499,11901,18500,46712,49294,200552,135908.27,"(in, 51093)",,,,,93273,60929,35979,66687,28605,64317427,58319668,5997759,100642,"1,14E+08",158601,164140,3910492,6760293,,Вручную
21,webflow.io,92,dofollow,"Регистрируемся и публикуемся в профиле,,Полуавто
Пример - https://my-marvelous-site-2565be.webflow.io/",subdomains,both,41,414,400198,11502,35780,53512,153390,146014,733484,199271.99,"(vn, 402172)",1,1,1,0.26,172761,130908,51652,88281,37652,94741894,74059060,20682834,218880,"1,26E+08",212534,214535,"3,88E+08","3,91E+08",,Полуавто
22,hub.docker.com,91,dofollow,,subdomains,both,54,635,105173,4065,9327,12598,30540,48643,903696,1131360.84,"(us, 163582)",,,,,160307,107694,59725,111053,53677,17974338,9680610,8293728,55039,86631908,9268,71541,1156924,3995485,,Вручную
23,gitbook.io,91,dofollow,,subdomains,both,18,765,132451,2796,8858,14759,50512,55526,135794,45207.52,"(id, 27884)",,,,,107275,72283,40049,77280,34088,80432935,60296824,20136111,55736,"1,63E+08",155291,155553,6534576,6582805,,Полуавто
24,ko-fi.com,91,Dofollow,Профильный сабмит,subdomains,both,38,696,61033,447,3403,8602,27462,21119,143540,11098.38,"(us, 75845)",,,,,111097,80296,34523,68312,28199,55860026,45183520,10676506,9059,11439,44,47,1150,1212,,Полуавто
25,Indiegogo.com,90,dofollow,Проходим быструю регистрацию с указанием актуальных данных. Переходим на страницу профиля и указываем в поле биографии уникальный контент. Спускаемся ниже и вставляем в отдельное поле ссылку на свой сайт.,subdomains,both,35,1424,54865,1862,6330,9910,19257,17506,124575,40340.05,"(us, 52702)",14,23,747,71.41,145336,97238,55233,98392,40583,12425261,8745302,3679959,3054,12329441,2343,52466,980495,1962748,,Полуавто
26,Mystrikingly.com,90,dofollow,Регистрируемся на сайте и подтверждаем регистрацию через почту. Создаем блог (на поддомене) и регулярно постим в него контент с нужными ссылками.,subdomains,both,35,1467,242959,3807,12515,26974,103763,95900,186825,35353.13,"(jp, 41304)",79,98,597,150.19,155456,91330,83056,105985,42762,57723438,33991096,23732342,46557,3531776,127380,127460,10544696,10546934,,Полуавто
27,peatix.com,90,dofollow,Проходим регистрацию и подтверждаем ее по почте. Создаем Ивент и на последнем этапе его создания вставляем текст с нужной ссылкой в поле описания Ивента.,subdomains,both,40,1481,16655,271,996,2163,7078,6147,82315,27455.96,"(jp, 79564)",17,20,117,53.68,103053,64074,42885,73458,28516,21493335,9540140,11953195,5769,15369225,2153,2179,3092513,3945936,,Полуавто
28,https://news.ycombinator.com/showhn.html,90,dofollow,,subdomains,both,26,1240,2332632,15166,82928,180013,640489,1414036,799196,461076.02,"(us, 463034)",,,,,81669,63915,21138,57429,26486,44338467,34263910,10074557,3828,13362379,13984,91131,193649,904973,,Вручную
29,tableau.com,90,dofollow,"Ссылка ставится в профиле,,Полуавто
Пример размещения - https://public.tableau.com/app/profile/moto.zilla?authMode=activationSuccess",subdomains,both,32,1359,272539,16241,17657,23879,78595,136167,1681804,1749172.61,"(us, 571183)",1043,992,9346,8534.84,105693,75349,33882,78464,34651,12023115,9008841,3014274,3895,720531,1420,1439,255659,346242,,Полуавто
30,teachable.com,91,dofollow,"После реги, создаем свою школу и потом курсы (вымышленные).,,Полуавто
При создании курса, оставляем тока банер и текст, в котором и пишем ссылку. ,,Полуавто
Кэш сайт не поддерживает, но в серпе ссылка ищется, индекс ее также очень быстрый.,,Полуавто
,,
Так, как курс левый, то со временем удалят скорее всгео, но времени достаточно для прокачки.,,Полуавто
Курс тока 1 на каждый акк создаем, тогда ссылка сразу на странице поддомена аккаунта будет одного курса.",subdomains,both,49,710,114579,4311,8540,13081,43933,44714,1030034,885057.29,"(us, 887395)",286,343,1212,2337.86,83456,64956,21342,48077,19914,38079047,32625982,5453065,2713249,"2,48E+08",24743,24905,588205,1036574,,Полуавто
31,reverbnation.com,90,dofollow,,subdomains,both,29,1331,241482,11097,32438,44196,108943,44808,661120,94854.44,"(in, 227448)",3,6,168,июн.79,112805,68298,48935,73066,30256,24719870,18561655,6158215,4754,26613770,44442,44608,5979129,6003553,,Полуавто
32,heylink.me,92,dofollow,,subdomains,both,46,428,176922,35913,51249,26255,34185,29320,17677237,3287194.88,"(id, 17468099)",121,173,1053,73.48,330673,267223,77977,133949,41452,"3,87E+08","3,40E+08",47025499,397849,2524196,658,197436,719635,1916720,,Полуавто
33,Blurb.com,88,dofollow,"Проходим регистрацию и переходим в раздел профиля. Редактируем информацию о себе и вставляем текст в поле биографии, а ссылку на продвигаемый сайт в раздел Веб-сайт.",subdomains,both,31,2612,62969,3079,5560,8059,23195,23076,77565,47726.86,"(us, 40443)",286,344,1135,1460.82,69089,37546,33229,47548,20321,12248792,10814159,1434633,865,7799881,812,10999,2768967,3151436,,Полуавто
34,https://dev.to/mersano,90,dofollow,"https://dev.to/mersano, регаемся, вставляем ссылку, готово)",subdomains,both,0,1740,967387,25796,96366,132810,331076,381339,1162781,515664.10,"(us, 640629)",,,,,79918,48835,33612,55790,25020,7866651,4913695,2952956,2420,15,,1,,7,,Полуавто
35,gitter.im,89,dofollow,,subdomains,both,32,2291,246,26,31,35,79,75,4342,339.08,"(us, 1584)",,,,,15160,11111,4490,15922,9232,12756659,12120826,635833,48,7954,65,67,5212,5237,,Полуавто
36,bu.edu,89,Nofollow,,subdomains,both,37,2067,704836,25012,47726,84735,255413,291950,894781,429341.30,"(us, 676206)",1618,1577,5307,19753.41,94461,80346,17004,68296,32693,3986672,3684864,301808,4337,3235284,20618,21743,387575,435737,,Полуавто
37,Credly.com,90,dofollow,При регистрации вместо имени указываем ключевые слова. В строчке BIO указываем фрагмент тематического текста небольшого объема. Сылку можно вставить в поле Website URL.,subdomains,both,30,1720,61933,1109,5705,10513,21255,23351,161845,197892.21,"(in, 50336)",42,52,89,44.05,68391,41830,27878,47633,20194,19080329,15281668,3798661,9975,10581083,5210,5214,1204524,1205767,,Полуавто
38,pastebin.com,87,dofollow,,subdomains,both,51,3057,22402,661,466,1410,7762,12103,144558,10287.86,"(us, 46876)",,,,,82946,41968,45532,66172,30439,28249718,10717506,17532212,2275,32558002,218,31450,22986,1727773,,Авто
39,camp-fire.jp,88,dofollow,,subdomains,both,46,2731,65077,1661,4320,7840,21876,29380,227832,59700.28,"(jp, 225931)",103,122,893,364.70,70433,46426,27689,52906,20081,8008524,6118864,1889660,3063,"1,21E+08",79593,79679,14507534,15577674,,Полуавто
40,jsfiddle.net,87,dofollow,,subdomains,both,47,3295,16918,282,934,1545,6063,8094,72467,16009.51,"(us, 17396)",,,,,45087,25428,22139,37951,18639,17987975,4211887,13776088,1613,16340918,575,579,512014,835569,,Полуавто
41,Telegra.ph,88,dofollow,Переходите на сайте и вставляете статью с анкорной ссылкой.,subdomains,both,46,2509,192744,471,4100,11398,59912,116863,30615,1767.56,"(ru, 10629)",,,,,179641,98322,104975,115818,46661,"3,91E+08","1,61E+08","2,30E+08",202468,10162754,202737,202738,35181186,35187011,,Авто
42,Livejournal.com,86,dofollow,"Известный многим сайт, который почему-то не так часто используется для ссылочного продвижения. Регистрируемся, подтверждаем почту и создаем собственный блог. Блог размещается на поддомене.",subdomains,both,38,4407,2278838,44859,169394,262647,797685,1004253,1719509,23646.44,"(ru, 1032117)",,,,,227872,149912,111234,145893,57758,"1,34E+08",94636290,39689959,154522,3,,1,,1,,Полуавто
43,Livejournal.com,86,dofollow,"Известный многим сайт, который почему-то не так часто используется для ссылочного продвижения. Регистрируемся, подтверждаем почту и создаем собственный блог. Блог размещается на поддомене.",subdomains,both,38,4407,2278838,44859,169394,262647,797685,1004253,1719509,23646.44,"(ru, 1032117)",,,,,227872,149912,111234,145893,57758,"1,34E+08",94636290,39689959,154522,3,,1,,1,,Полуавто
44,https://player.fm/,86,dofollow,"Регаем профиль, заполняем все поля, аватарки, генерим любым AI text2speech на свою тему и заливаем свои подкасты с околоссылочным описанием.,,Полуавто
Выглядит так: https://player.fm/series/scamfluencers/theres-something-about-martin-part-ii-4",subdomains,both,42,3884,204700,1080,9356,21128,62357,110779,84708,12757.16,"(us, 25227)",,,,,41466,32020,10008,30411,14186,3391881,3113902,277979,22984,"1,64E+08",182300,188736,29237067,29572723,,Полуавто
45,https://pca.st/,87,dofollow,"https://pca.st/ безанкор DF,,Полуавто
Регаемся, заполняем профиль + блок о себе тематический,,Полуавто
Выглядит так: https://pca.st/skitr2ok",subdomains,both,9,3300,239,,7,51,122,59,625,115.25,"(us, 589)",,,,,36458,25475,11603,27152,12762,5333548,4807480,526068,21900,529,161,161,2216,32971,,Полуавто
46,https://www.diigo.com/premium,86,dofollow,"Регаемся: https://www.diigo.com/premium,,Полуавто
Создаем заметку типа Note.,,Полуавто
Нажмите значок «+» и выберите «Примечание» (зеленый) в раскрывающемся списке.,,Полуавто
Тут вставить достаточно длинный тематический (можно ИИ) текст и в нем ссылки анкорные.,,Полуавто
,,
Получить URL заметки можно нажав кнопку ""поделиться"" и там Preview - там урлы на заметку.,,Полуавто
Их скинуть гулу, эти заметки он без проблем индексит и учитывает и текст и ссылки.",subdomains,both,13,4440,1464,31,59,101,396,877,19593,3051.89,"(in, 10911)",,,,,96817,42220,63389,69828,28336,32476832,23065136,9411696,7920,"2,06E+08",263159,299922,32664547,35946591,,Полуавто
47,wattpad.com,86,dofollow,"Нужно псевдокнижку с обложкой запосить и из ее описания поставить ссылку на ваш сайт.,,Полуавто
Нажмите «Написать» на верхней панели, выберите «Создать новую историю». Добавьте изображение обложки с водяным знаком вашего бренда/URL.,,Полуавто
Добавьте теги и выберите жанр. Добавьте заголовок и поместите свой контент в поле описания. Добавьте « ПОДРОБНЕЕ НА https://site.com» в любом месте содержимого. Они не разрешают ссылки кликабельные в тексте, но рекламу домена можно так постить.,,Полуавто
,,
Нажмите «Далее», и вы сможете скопировать и вставить содержимое, которое вы вставили в свое описание, в текстовый редактор. Снова добавьте обложку водяного знака. Добавьте заголовок.,,Полуавто
Щелкните значок с тремя точками в правом верхнем углу экрана. Добавьте внешнюю ссылку с вашим URL.,,Полуавто
И нажимайте опубликовать пост подтверждая запросы.",subdomains,both,29,4525,2477912,167148,304685,378636,934226,693217,23988881,946402.53,"(id, 2743672)",38,46,91,49.65,78439,43811,37044,55667,23545,17413820,12795498,4618322,9549,"1,02E+09",1463,3701,4636501,23130309,,Полуавто
48,wantedly.com,86,dofollow,,subdomains,both,17,4170,167280,11331,27004,27957,55182,45806,489872,436381.41,"(jp, 441181)",332,443,2065,4126.24,29572,17548,12919,30321,12211,11510245,9163093,2347152,502,19822714,46854,67032,1629011,2942679,,Полуавто
49,hashnode.com,84,dofollow,,subdomains,both,36,6677,2051,17,33,66,469,1466,7059,492.36,"(in, 5731)",,,,,40671,16087,26239,33772,14965,5044441,3220089,1824352,1019,29,4,6,85,88,,Полуавто
50,susanne-kaufmann.webador.com,90,Dofollow,статейная,subdomains,both,0,1647,,,,,,,,,,,,,,60111,54370,5888,8258,4412,1448195,1110028,338167,2493,1640503,7490,7884,146040,160041,,Полуавто
51,visual.ly,84,Dofollow,профиль,subdomains,both,45,5790,,,,,,,,,,,,,,45336,27928,18427,35182,16661,3516520,1576881,1939639,1255,47,,,,,,Полуавто
52,www.instapaper.com,84,dofollow,https://www.google.com/search?q=site%3Ahttps%3A%2F%2Fwww.instapaper.com%2Fp%2F,subdomains,both,44,6930,3126,27,29,126,1099,1845,10708,3212.14,"(in, 4145)",,,,,85465,36202,51872,67109,26397,24627479,12773748,11853731,8492,4203043,134126,134158,2549343,2550414,,Полуавто
53,support.advancedcustomfields.com/,84,dofollow,,subdomains,both,14,6788,1461,52,127,241,532,509,615,32.31,"(us, 260)",,,,,14302,8730,6111,13039,6665,567042,229890,337152,373,730740,175,791,340386,344882,,Полуавто
54,www.beatstars.com,83,dofollow,,subdomains,both,37,7848,21228,804,2631,3438,7061,7294,249019,28415.69,"(id, 88595)",8,12,29,13.65,47133,23372,25501,33566,14408,6546896,3328649,3218247,42865,1958731,2862,2986,308235,314156,,Полуавто
55,milkyway.cs.rpi.edu,83,dofollow,,subdomains,both,20,7827,396,8,55,64,192,77,1453,1829.38,"(us, 819)",,,,,48488,25198,24321,40883,20243,2351115,1376522,974593,1253,"1,07E+08",9391,10062,4689839,4932477,,Полуавто
56,pbase.com,83,dofollow,,subdomains,both,31,7909,57505,722,3576,7011,26105,20091,20515,2203.01,"(us, 11185)",,,,,84349,39238,49513,62944,27039,9360931,6947468,2413463,1856,"2,38E+08",98312,104161,15140949,15259806,,Полуавто
57,buddypress.org,83,Dofollow,профиль,subdomains,both,58,8584,1775,83,173,226,640,653,4015,3632.56,"(us, 1485)",,,,,19606,8595,11552,17311,8620,5496030,4850356,645674,195,20398082,259,11448,12862768,13134718,,Полуавто
58,https://www.f6s.com/,83,dofollow,,subdomains,both,38,8148,288621,2773,18571,46776,118509,101992,547973,66270.58,"(in, 84230)",,,,,30075,19159,11605,24375,11663,1576953,1408678,168275,480,83739720,52193,373884,8364509,10713239,,Полуавто
59,Codeigniter.com,83,dofollow,"Сразу переходим на страницу регистрации профиля по ссылке. Регистрируем аккаунт, подтверждаем почту и добавляем в профиль ссылку. После этого рекомендуется вставить описание для лучшей индексации страницы профиля.",subdomains,both,56,7388,5643,273,149,368,1652,3201,37495,4841.68,"(id, 14291)",,,,,27254,15432,12594,24457,11454,3060919,2120968,939951,165,"1,65E+08",84844,84844,18860137,18862334,,Полуавто
60,dnnsoftware.com,81,dofollow,https://www.google.com/search?q=site%3Ahttps%3A%2F%2Fwww.dnnsoftware.com%2F,subdomains,both,19,12888,2405,68,161,233,799,1144,3653,2532.38,"(us, 1079)",,,,,18299,9279,9744,17609,8148,27187830,26661299,526531,2302,35902642,9757,14134,2125633,2627031,,Полуавто
61,devnet.kentico.com,81,dofollow,,subdomains,both,24,11337,2466,55,229,291,904,987,5049,1057.18,"(in, 3700)",,,,,8262,4506,3920,7529,4530,3135973,2863302,272671,1018,27668929,5547,5593,7300996,7320779,,Полуавто
62,Teletype.in,82,dofollow,"После регистрации создаете свой блог, в котором публикуете статью с необходимой анкорной ссылкой.",subdomains,both,40,9771,106262,653,2238,5398,29595,68378,33789,1087.26,"(ru, 17420)",,,,,66586,23368,47467,50329,21207,7943829,5482088,2461741,1500,18196795,146695,147351,1580826,1666495,,Полуавто
63,Folkd.com,79,dofollow,"Сайт не требует регистрации, достаточно перейти на главную страницу и нажать на кнопку Add a new Link. Вставляем ссылку на сайт и ждем, через несколько секунд появится возможность оставить в качестве анкора Title страницы. Можем также вставить нужный анкор или оставить линк безанкорным.",subdomains,both,19,17937,540,9,53,122,254,102,2343,220.81,"(in, 1141)",,,,,40197,15753,26665,33068,14504,7897300,3818375,4078925,980,701011,15990,20446,88027,117937,,Авто
64,usfca.edu,80,Nofollow,,subdomains,both,31,14597,108949,3808,7607,10493,34972,52069,132011,111603.86,"(us, 93696)",57,80,64,316.22,20043,14725,5632,17403,9678,483026,401053,81973,80,3480922,8892,23260,2476909,2653553,,Полуавто
65,https://www.indiehackers.com/,80,Nofollow,профиль,subdomains,both,38,14380,19496,121,664,1413,7219,10079,14989,3513.63,"(in, 5580)",,,,,17310,7641,9981,13296,7103,1126264,993936,132328,4687,4233424,9726,39960,209583,495752,,Полуавто
66,elephantjournal.com,80,Dofollow,профиль,subdomains,both,21,14591,49342,337,1737,3459,13083,30726,8150,830.58,"(us, 5607)",,,,,40331,25868,18509,32028,14216,4233879,2729244,1504635,443,5512496,21924,23100,1213416,1510194,,Полуавто
67,Page.tl,79,Nofollow,статейная,subdomains,both,14,19172,19491,333,1299,2327,8562,6970,10998,1079.55,"(in, 1963)",,,,,27477,12580,15754,22304,11488,1797660,1290927,506733,2544,94607121,110210,152281,3591029,5003706,,Полуавто
68,List.ly,78,dofollow,Можно авторизоваться через Google почту и аккаунт. После авторизации переходит во вкладку Make a list и вписываем статью с безанкорной ссылкой. Размещение полностью бесплатное.,subdomains,both,35,19564,21978,50,345,810,6131,14642,8634,8704.15,"(in, 3062)",,,,,74541,25703,51527,54819,22094,16140600,9707087,6433513,978,12461161,147,155305,1087610,2811616,,Полуавто
69,Coub.com,79,dofollow,"Регистрируемся на сайте, после чего подтверждаем через почту. В информации о себе заполняем профиль с добавлением нужных ключей, добавляем ссылку в поле “Сайт”. Ссылка безанкорная.",subdomains,both,29,18660,39910,666,3199,5375,21771,8899,57465,4434.54,"(us, 19370)",,,,,61290,24615,39740,48806,21039,19518343,7827011,11691332,1903,"1,07E+08",64034,64035,10855853,12976838,,Полуавто
70,conifer.rhizome.org,78,dofollow,,subdomains,both,21,19461,13,,2,1,5,5,77,ноя.84,"(us, 73)",,,,,44987,20516,26625,32365,14728,4392668,1797072,2595596,206,89167,311,2714,1438,10234,,Полуавто
71,www.soundclick.com,78,Dofollow,профиль,subdomains,both,37,23347,22026,181,1123,2191,10920,7611,10060,1372.00,"(us, 6320)",,,,,20084,10106,10424,17313,8861,7762599,6574031,1188568,1809,69,,,,,,Полуавто
72,8tracks.com,77,Nofollow,профиль,subdomains,both,43,25671,21,5,4,,9,3,1237,109.85,"(ca, 464)",,,,,33193,13370,20594,27870,12937,2662789,1261426,1401363,858,8,,,,,,Полуавто
73,Penzu.com,78,dofollow,"При регистрации указываем актуальные данные (почта, имя, пароль), подбираем дизайн сайта и его цветовое оформление. После размещения статьи со ссылкой сохраняем ее через кнопку “Save” и по клику на троеточие нажимаем кнопку “Share” - “Share via Public link”. Таким образом мы получаем ссылку на нашу статью.",subdomains,both,38,19661,7349,612,744,779,2011,3203,47657,11428.19,"(us, 19665)",,,,,73326,26750,53146,52563,21850,7617200,4769241,2847959,5221,2560,45,48,260,382,,Полуавто
74,metal-archives.com,77,dofollow,,subdomains,both,24,24156,82945,4516,8680,11061,29595,29093,141396,16505.02,"(us, 53312)",,,,,44125,18635,28761,37135,16543,3953175,2192194,1760981,1421,53792145,15071,15076,1412249,2335194,,Полуавто
75,blog.b92.net,77,dofollow,,subdomains,both,21,28161,9,,,,7,2,1,,"(rs, 1)",,,,,14782,11323,4087,13621,6759,58490817,57820965,669852,6484,"2,91E+08",8750,8832,36252591,37314411,,Полуавто
76,Bloggersdelight.dk,77,dofollow,"Сайт на датском языке, поэтому используйте при необходимости переводчик. После регистрации попадаем в панель управления блогом, которая напоминает WP. Создаем новую запись и публикуем статью со ссылкой.",subdomains,both,25,27245,29607,115,646,1730,9998,17118,4246,232.78,"(dk, 4161)",,,,,50498,16164,36758,40677,16493,4806066,3513645,1292421,375,103,1,1,16,16,,Полуавто
77,artistecard.com,75,dofollow,,subdomains,both,20,36943,2579,42,246,377,1161,753,2366,419.64,"(id, 1686)",,,,,28208,8979,19798,24625,10936,4005642,3228990,776652,1128,21163472,63644,63658,6830992,6834710,,Полуавто
78,fundable.com,76,dofollow,,subdomains,both,26,30011,4958,171,511,713,1689,1874,30085,13385.40,"(pk, 10108)",,,,,40380,14725,26801,33822,14476,6141575,4202339,1939236,555,1043980,44783,44790,898824,899444,,Полуавто
79,Longisland.com,76,dofollow,"Безанкорная ссылка, которую можно оставить перейдя в раздел “Edit Profile” после регистрации аккаунта. В поле “About Me” вставляете контент, а в поле “Website” ссылку на продвигаемый сайт.",subdomains,both,22,30332,42226,1157,1753,2740,12839,23737,33488,12096.74,"(us, 33365)",,,,,59312,22082,39127,47533,20488,8926501,3522422,5404079,2209,5227673,816,828,123174,176891,,Полуавто
80,apsense.com,76,dofollow,,subdomains,both,15,31762,28017,27,326,742,6368,20554,2689,2307.57,"(in, 1725)",,,,,29483,11489,18747,24520,10612,2099421,1780767,318654,518,3297840,9931,26786,23845,98516,,Полуавто
81,suffolk.edu,76,Nofollow,,subdomains,both,27,29304,48219,1303,2287,4509,17488,22632,57723,33377.43,"(us, 45943)",18,26,24,105.19,16589,11194,5692,16665,7728,1503588,1438756,64832,116,1779085,5254,111466,1307464,1651933,,Полуавто
82,hacettepe.edu,7,Nofollow,,subdomains,both,0,32498458,,,,,,,,,,,,,,12,12,1,16,15,188,187,1,,,,,,,,Полуавто
83,storeboard.com,78,Dofollow,статейная,subdomains,both,15,22320,23863,41,521,1955,9033,12313,3669,1850.95,"(us, 1014)",,,,,57115,18176,40352,43333,18039,3899750,2219100,1680650,848,4152,11,12,36,37,,Полуавто
84,my.omsystem.com,76,Dofollow,профиль,subdomains,both,23,32865,2115,71,158,251,833,802,9276,1080.53,"(id, 6812)",1,1,,,36502,19965,19904,31917,13115,3989703,2373842,1615861,4219,"1,02E+08",41475,43259,4207421,4412835,,Полуавто
85,Anotepad.com,76,dofollow,"На сайте не нужна регистрация, мы сразу попадаем на нужную страницу, где можно оставить статью со ссылкой. После размещения материала и публикации у вас изменится URL страницы. По этому адресу она будет открываться у других пользователей как обычная статья.",subdomains,both,33,30710,8531,766,508,417,1831,5009,239578,21906.46,"(br, 56713)",,,,,68189,19784,50861,50927,20637,8560136,4155079,4405057,1534,23065,4,7,305,1426,,Авто
86,Blogfreely.net,75,dofollow,Полный аналог предыдущего сайта с жирным показателем DR. Проходим простую регистрацию с подтверждением почты. Аналогично публикуем статью со ссылкой на продвигаемый сайт.,subdomains,both,32,40541,1,,,,,1,,,"(at, 0)",,,,,55677,14973,42377,43042,17801,4206555,1906100,2300455,1326,2469025,,45761,,14270054,,Полуавто
87,Pastelink.net,76,dofollow,"Регистрация не требует подтверждения почты и других данных. После регистрации можно сразу опубликовать запись, в которую вставляем ссылку с нужным анкором.",subdomains,both,31,30750,8476,175,540,1234,2429,4098,9431,3303.69,"(id, 4146)",,,,,67676,18309,51726,51588,20501,78180510,27159537,51020973,7746,12183904,22,132528,4616256,21809934,,Авто
88,learn.acloud.guru,74,dofollow,,subdomains,both,11,45492,555,46,90,68,215,136,5760,474.78,"(us, 3922)",,,,,7140,3411,3939,6570,4082,374547,207101,167446,172,966,9,18,754,3366,,Полуавто
89,stcloudstate.edu,75,Nofollow,,subdomains,both,28,39163,43135,935,2189,4102,15019,20890,65000,79769.10,"(us, 58125)",174,216,961,4908.87,11867,8280,3727,10564,5814,170853,144817,26036,60,68105918,4773,65608,1764936,1962080,,Полуавто
90,slideserve.com,77,Nofollow,профиль,subdomains,both,16,25340,380525,1961,12028,19874,111411,235251,151515,29398.38,"(in, 114452)",,,,,55952,27440,29823,42663,18599,7474090,4559072,2915018,1481,"3,69E+08",15,68680,24734109,25010583,,Полуавто
91,divephotoguide.com,76,Dofollow,профиль,subdomains,both,19,32437,6056,34,237,440,2185,3160,941,171.83,"(us, 622)",,,,,66203,23129,47540,50501,20946,8432436,4581416,3851020,1619,3903912,84238,98821,11185694,11741589,,Полуавто
92,Controlc.com,75,dofollow,"Никакой регистрации не требуется, переходим по ссылке и публикуем контент со ссылкой на свой проект. Важно отметить, что размещаемая ссылка является безанкорной.",subdomains,both,32,41615,888,27,84,114,376,287,895,сен.71,"(us, 219)",,,,,31312,9219,22752,26683,11774,9472159,1536395,7935764,3717,598970,5,6,6,12,,Авто
93,Postheaven.net,75,dofollow,"Сайт с быстрей регистрацией, для которой нужно указать почту, пароль и название сайта. Подтверждать почту не нужно. В открывшемся после регистрации текстовом редакторе вставляем нужный текст со ссылкой. Безанкорная ссылка вставляется напрямую, а анкорную нужно оформить через html код.",subdomains,both,32,40079,123,,,,15,108,,0.03,"(us, 0)",,,,,60714,16194,46698,46243,18973,12468235,4678660,7789575,1015,1865869,2541,97692,380532,9044757,,Авто
94,reactos.org,74,Dofollow,профиль,subdomains,both,42,45179,3054,25,178,349,1088,1414,13280,11839.55,"(us, 6351)",,,,,20052,8694,12050,18417,9238,1350340,945977,404363,211,"1,12E+08",402,2348,1285802,1454171,,Полуавто
95,globalhealthtrials.tghn.org,75,dofollow,,subdomains,both,13,43232,238,8,22,37,93,78,120,36.98,"(us, 98)",,,,,9275,6047,3442,8593,4487,188816,138907,49909,74,"2,48E+08",16381,16538,6834923,8238747,,Полуавто
96,Hawkee.com,72,dofollow,"После регистрации обязательно подтверждаем почту и переходим в аккаунт. В настройках профиля устанавливаем ссылку на продвигаемый сайт. После этого в профиле создаем Треды с нужным нам контентом, дальше просто индексируем страницу профиля.",subdomains,both,20,72367,15,1,,,6,8,22,0.00,"(us, 22)",,,,,20356,6403,14640,18892,8836,4861843,2205033,2656810,890,8630653,2523,2872,1199497,1214087,,Полуавто
97,starity.hu,73,dofollow,профиль,subdomains,both,20,66862,38467,1482,5807,4704,14998,11476,60996,737.45,"(hu, 58148)",,,,,24656,9399,16164,22570,9964,5300353,1627490,3672863,1226,"2,63E+08",14942,15041,8812617,11652858,,Полуавто
98,Worldcosplay.net,73,dofollow,Проходим регистрацию и подтверждаем по почте. В информации профиля находим пункт “О себе”. Вставляем небольшой отрезок текста и ссылку. Ссылка анкор через HTML.,subdomains,both,27,63841,,,,,,,,,,,,,,17047,6151,11321,16793,8261,2386269,1215015,1171254,1293,,,,,,,Полуавто
99,www.curioos.com,72,dofollow,,subdomains,both,23,82294,14,1,,2,7,4,6,35.67,"(us, 6)",,,,,9395,3910,5716,10151,5062,779509,506321,273188,100,3953255,6,7,622411,681387,,Полуавто
100,bahamaslocal.com,71,dofollow,"Пример размещения:,,Полуавто
https://www.google.com/search?q=site%3Ahttps%3A%2F%2Fbahamaslocal.com%2Fuserprofile%2F",subdomains,both,13,89725,19264,1898,1988,1896,5880,7602,18140,4904.83,"(bs, 17496)",,,,,11423,4939,6704,12046,5703,1477284,1032674,444610,888,30806571,11460,11468,1305357,1331843,,Полуавто
101,gotartwork.com,72,dofollow,,subdomains,both,19,85501,220,4,28,37,95,56,111,фев.19,"(us, 32)",,,,,18713,9192,10666,17228,8415,1286425,440032,846393,1611,53780304,34159,34429,13065959,13120193,,Полуавто
102,promosimple.com,72,Dofollow,статейная,subdomains,both,33,71132,508,1,27,37,153,290,25,дек.46,"(us, 18)",,,,,27157,12095,16706,23427,10944,1763573,1255328,508245,790,551604,27141,27355,2062791,2098302,,Полуавто
103,dermandar.com,73,Dofollow,профиль,subdomains,both,27,57709,148,1,6,17,68,56,48,янв.79,"(us, 39)",,,,,46160,19274,32247,38043,15643,9044438,2941759,6102679,1192,243742,63362,63362,112789,112797,,Полуавто
104,chordie.com,73,Dofollow,профиль,subdomains,both,19,59191,109395,5562,18045,20886,43497,21405,137306,14632.98,"(us, 69206)",,,,,38087,12936,26132,32203,13969,7035187,2346074,4689113,146,23221030,60150,60151,2403022,2403052,,Полуавто
105,bookmeter.com,73,dofollow,,subdomains,both,31,66615,197868,8986,33370,41891,83354,30267,753351,57573.83,"(jp, 749631)",,,,,12280,7158,5415,12618,5410,1945279,1585603,359676,75412,"2,10E+08",10349,10351,25938754,30529407,,Полуавто
106,doodleordie.com,73,dofollow,,subdomains,both,33,56627,660,8,32,36,216,368,945,01.фев,"(us, 650)",,,,,52644,16877,37845,41944,17246,7400428,3614543,3785885,1413,70058877,75767,75768,19432244,24128536,,Полуавто
107,wakelet.com,85,dofollow,"Хоть и типа сервис закладок, но ранжируется по текстам из профиля на ура.,,Полуавто
Выглядит так: https://wakelet.com/HowtobecomeaMontanaPrivateInvestigator590",subdomains,both,41,4951,33229,165,471,1481,12143,18969,41299,48783.83,"(us, 11772)",,,,,101586,43671,62717,62952,25397,33858224,17443282,16414942,5297,31926640,5422,75046,4246127,5543553,,Полуавто
108,click4r.com,72,Dofollow,https://www.google.com/search?q=site%3Ahttps%3A%2F%2Fclick4r.com%2Fposts,subdomains,both,39,69166,5,,,,,5,,0.00,"(us, 0)",,,,,49272,15602,35390,39820,17221,8556221,3963023,4593198,2057,14860308,53263,53822,1260252,3119111,,Полуавто
109,globalcatalog.com,72,dofollow,,subdomains,both,15,74087,17,2,3,,6,6,73,авг.32,"(in, 59)",,,,,20856,7061,14239,18061,8823,3522382,1805717,1716665,577,137526,6,6,43,43,,Полуавто
110,kktix.com,71,dofollow,,subdomains,both,37,87426,12250,470,1265,1060,3811,5644,353244,36047.85,"(tw, 163074)",,,,,13227,6025,7622,13268,6419,4161151,3457497,703654,1694,6116666,7227,7228,1500927,1705298,,Полуавто
111,techsite.io,67,dofollow,"Жмем Опубликовать бесплатно и регаемся (с подтверждением по мылу).,,Полуавто
Заполняем профиль (там тоже есть урл, но он нам не нужен особо).,,Полуавто
Нажимаем иконку Редактировать (ручка в синем круге) и создаем пост с ссылкой в тексте.,,Полуавто
Сохраняем пост и его урл индексим у гугла.",subdomains,both,8,153392,,,,,,,,,,,,,,4889,1805,3156,4154,2781,67884,33516,34368,9,,,1,,1659,,Полуавто
112,orangepi.org,71,dofollow,https://www.google.com/search?q=site%3Ahttps%3A%2F%2Forangepi.org%2Forangepibbsen%2Fhome.php,subdomains,both,14,90427,6187,198,131,286,1690,3882,48602,4519.27,"(us, 15580)",,,,,27363,6965,20949,23320,10965,2410270,1757921,652349,39,14867596,22206,22232,1985851,2205692,,Полуавто
113,community.she.com,70,Nofollow,,subdomains,both,04.янв.,119257,,,,,,,,,,,,,,10862,5637,5518,10729,4823,1289450,1040366,249084,321,19661424,7136,13766,2220208,2564580,,Полуавто
114,roomstyler.com,73,dofollow,,subdomains,both,33,58760,16671,787,850,815,4251,9968,82979,33527.71,"(us, 37248)",,,,,49481,14061,37161,38406,16242,5259102,3039535,2219567,938,3951,47,701,616,1676,,Полуавто
115,my.olympus-consumer.com,69,dofollow,,subdomains,both,28,136873,,,,,,,,,,,,,,3249,1647,1668,2862,2022,59329,41823,17506,51,,,1,,11,,Полуавто
116,lawyersclubindia.com,64,Dofollow,профиль,subdomains,both,8,209783,45514,190,859,1764,12795,29906,9058,150.26,"(in, 6091)",,,,,9225,3774,5697,8828,5466,755029,173946,581083,48,45470066,1261,2428,5036753,7409096,,Полуавто
117,Thepollsters.com,53,dofollow,"После регистрации подтверждаем почту и проходим в профиле 2 этапа аутентификации: через почту и QR-код. После этого оставляем запись на форуме нативно, с нужной ссылкой.",subdomains,both,14,575378,883,,,2,51,830,1,0.17,"(us, 1)",,,,,1468,439,1062,1428,1153,60250,11775,48475,37,82624,351,384,4260,5064,,Полуавто
118,babelcube.com,72,dofollow,,subdomains,both,20,81937,1021,9,51,93,370,498,1708,394.41,"(vn, 1167)",,,,,25832,10600,16079,23211,10609,4103326,2495130,1608196,1087,1980207,46030,48206,381984,396258,,Полуавто
119,edu.fudanedu.uk,64,Nofollow,Edu профиль Пример размещения - https://edu.fudanedu.uk/user/roxannemartin1/,subdomains,both,7,214997,5,,,,,5,,,"(us, 0)",,,,,10214,2960,7801,10333,4896,339321,133762,205559,46,,,,,,,Полуавто
120,beermapping.com,65,Dofollow,профиль,subdomains,both,22,188130,13,3,,,3,7,29,май.43,"(us, 29)",,,,,7186,2725,4664,6961,4269,1500907,646637,854270,437,88,,,,,,Полуавто
121,gettogether.community,70,dofollow,https://www.google.com/search?q=site%3Ahttps%3A%2F%2Fgettogether.community%2Fprofile%2F,subdomains,both,17,112566,678,2,35,67,257,317,719,47.42,"(in, 661)",,,,,28461,13262,18311,24406,10945,2776367,1715791,1060576,509,2600781,47731,47788,164060,171626,,Полуавто
122,gitlab.sleepace.com,63,Dofollow,профиль,subdomains,both,13,228158,,,,,,,,,,,,,,10997,2131,9011,10642,5729,772251,124676,647575,505,4657,15,18,307,670,,Полуавто
123,careercup.com,68,dofollow,,subdomains,both,12,147852,,,,,,,,,,,,,,5748,2194,3705,5658,3669,394080,122596,271484,16,,,1,,3733,,Полуавто
124,heber-ut.granicusideas.com,69,Dofollow,статейная,subdomains,both,0.4,127572,,,,,,,,,,,,,,14530,5002,9796,13175,6735,1646049,809499,836550,102,21123724,117655,117655,11025102,11025233,,Полуавто
125,ict-edu.uk,62,Nofollow,Edu профиль Пример размещения - https://ict-edu.uk/user/roxannemartin1/,subdomains,both,27,253086,3,,,,1,2,,,"(ru, 0)",,,,,12007,3316,9397,11610,5325,540893,285478,255415,123,,,,,,,Полуавто
126,jobhop.co.uk,66,Dofollow,статейная,subdomains,both,18,177411,364,,11,18,126,209,59,174.12,"(gb, 52)",,,,,26488,13485,17023,22231,9778,1447342,1135507,311835,170,906492,29327,29672,1021952,1075665,,Полуавто
127,postgresconf.org,70,dofollow,,subdomains,both,26,114267,479,30,104,83,148,114,455,236.11,"(us, 452)",,,,,22182,9515,14933,19466,8759,1520118,1127569,392549,300,90382,5331,5332,167907,168377,,Полуавто
128,flokii.com,64,Dofollow,статейная,subdomains,both,9,212034,8834,54,288,628,4062,3802,1106,461.49,"(us, 807)",,,,,23478,6728,17762,19557,9394,1554707,559640,995067,148,85292501,100550,108450,1809557,1915360,,Полуавто
129,fnetchat.com,61,Nofollow,статейная,subdomains,both,35,262368,18,,2,1,8,7,1122,22.42,"(id, 1122)",,,,,4827,2347,2667,4300,2743,413878,283109,130769,13,376,1,2,566,602,,Полуавто
130,Greasyfork.org,78,Nofollow,"Регистрируем аккаунт и подтверждает его по почте. На сайте можно найти множество обсуждений, среди которых необходимо подобрать подходящее по тематике. Ссылка оставляется в комментарии.",subdomains,both,28,20516,46761,1754,6861,9210,16097,12839,288712,34376.77,"(cl, 69181)",,,,,15621,10838,5336,14369,8454,1154558,1002545,152013,19374,77744478,122,10864,9933222,10240352,,Полуавто
131,theomnibuzz.com,67,Nofollow,Тип: статейная Пример размещения - https://theomnibuzz.com/discover-the-best-skincare-cleansers/,subdomains,both,18,155291,4,3,,,1,,278,0.00,"(in, 278)",,,,,18128,7198,11347,16448,7864,958876,612667,346209,161,3928631,624,32310,210473,470461,,Полуавто
132,blend.io,56,dofollow,https://www.google.com/search?q=site%3Ahttps%3A%2F%2Fblend.io%2F,subdomains,both,23,451677,,,,,,,,,,,,,,7777,1347,6482,6962,4045,474918,174771,300147,16,6,1,1,6,6,,Полуавто
133,copytechnet.com,60,Dofollow,форум,subdomains,both,6,302516,6649,118,940,1646,2500,1445,2601,518.51,"(us, 2096)",,,,,4591,2050,2621,4146,2632,114455,34736,79719,84,8170103,9870,9871,423040,423043,,Полуавто
134,mecabricks.com,66,Nofollow,профиль,subdomains,both,21,175702,7527,80,362,969,3327,2789,6611,1452.87,"(us, 4992)",,,,,22816,9954,13303,20121,8600,2651795,1711075,940720,105,1413265,6,758,359880,387242,,Полуавто
135,www.gothicpast.com,57,dofollow,,subdomains,both,9,407209,,,,,,,,,,,,,,11015,2103,8988,9309,5234,981218,47043,934175,9,1278114,532,535,139539,139555,,Полуавто
136,ottawaks.gov,56,Dofollow,,subdomains,both,8,419797,712,39,56,103,322,192,1492,1120.77,"(us, 1478)",,,,,5481,2154,3401,6489,3089,368641,245959,122682,29,10123,122,123,3984,4000,,Полуавто
137,homment.com,59,Dofollow,статейная,subdomains,both,11,331919,1,,,,,1,,,"(de, 0)",,,,,8131,3660,4647,8146,4225,5309671,1438265,3871406,27,5303,27,28,1987,3671,,Полуавто
138,udrpsearch.com,64,dofollow,https://www.google.com/search?q=site%3Ahttps%3A%2F%2Fwww.udrpsearch.com%2Fuser%2F,subdomains,both,14,215359,282,2,34,60,130,56,44,0.13,"(in, 21)",,,,,19245,7472,12650,17785,7848,1430045,1006691,423354,45,467549,17797,17798,131546,131562,,Полуавто
139,xaphyr.com,64,Dofollow,статейная,subdomains,both,7,212844,2,,,,2,,,0.00,"(us, 0)",,,,,24585,6690,18302,21733,9858,1198832,734983,463849,143,,,,,,,Полуавто
140,https://betapage.co/,63,dofollow,,subdomains,both,20,223163,1,,,,1,,,0.00,"(us, 0)",,,,,2171,1058,1162,1889,1513,38981,30187,8794,113,,,1,,49,,Полуавто
141,Dreamyblogs.com,60,dofollow,Переходим на страницу dreamyblogs.com/register и регистрируемся на сайте. После регистрации попадаем на страницу профиля и добавляем новую статью со ссылкой на нужный нам сайт.,subdomains,both,8,308474,5,,,,,5,,0.00,"(us, 0)",,,,,21508,6591,15396,18849,7904,2383873,2174982,208891,227,8682577,43916,44313,988677,1139287,,Авто
142,Dgbloggers.com,58,dofollow,"Регистрация осуществляется по ссылке dgbloggers.com/register, после чего не требуется подтверждать почту. После регистрации попадаем в личный кабинет и размещаем новый пост со ссылкой на нужный сайт.",subdomains,both,15,363296,7,,,,,7,,0.00,"(us, 0)",,,,,20043,5615,14621,17441,7608,2324921,2113079,211842,268,25071060,90239,91169,3363223,3710961,,Авто
143,Goabroadblog.com,57,dofollow,"Мощный сайт, на который ссылается 24 000 уникальных домена. При регистрации не используйте VPN, так как с некоторыми его версиями сайт может отдавать код ответа 500.",subdomains,both,7,382977,10,,,,2,8,,0.00,"(us, 0)",,,,,19989,6166,14224,17405,7405,1754690,1585505,169185,238,15258014,67105,67898,2153365,2368684,,Полуавто
144,opensocialfactory.com,58,Dofollow,,subdomains,both,15,346378,27,,,1,2,24,,0.08,"(ca, 0)",,,,,16208,5506,10948,14386,6395,1262069,617317,644752,64,16758473,22323,22324,888934,1341470,,Полуавто
145,opensocialfactory.com,58,Dofollow,,subdomains,both,15,346378,27,,,1,2,24,,0.08,"(ca, 0)",,,,,16208,5506,10948,14386,6395,1262069,617317,644752,64,16758473,22323,22324,888934,1341470,,Полуавто
146,mediajx.com,57,Dofollow,,subdomains,both,23,388561,21,,,,,21,,0.00,"(in, 0)",,,,,15794,4482,11550,14321,6553,1778787,609984,1168803,78,16263890,21491,21492,859708,1298704,,Полуавто
147,pitchwall.co,64,dofollow,профиль,subdomains,both,23,203863,3133,130,486,605,1171,741,5588,2083.03,"(id, 2175)",,,,,8699,3476,5448,8286,4671,725017,422649,302368,516,112785,3832,4285,39186,43686,,Полуавто
148,Theideasblog.com,57,dofollow,"После регистрации в админ панели ищем меню с добавлением статьи. Используем созданный контент и вставляем статью со ссылкой, после чего публикуем.",subdomains,both,6,381873,4,,,,,4,,0.00,"(ca, 0)",,,,,21410,6092,15757,18541,7993,2281116,2071036,210080,273,13912720,59675,60312,1514842,1696337,,Авто
149,Blog4youth.com,59,dofollow,,subdomains,both,04.апр.,320278,12,,,,5,7,,0.01,"(us, 0)",,,,,21156,6133,15248,18305,7813,2284910,2071906,213004,256,19956405,77649,78619,2592966,2889021,,Полуавто
150,Blogofchange.com,60,Dofollow,,subdomains,both,12,290957,9,,,,3,6,,0.00,"(in, 0)",,,,,22597,6891,16141,19583,8106,2285769,2017908,267861,246,17376506,61270,62033,1743386,1917958,,Полуавто
151,Bloggactivo.com,59,Dofollow,Регистрируемся по ссылке на сайте без подтверждения электронной почт. Попадаем в админку и публикуем статью с нужной нам ссылкой.,subdomains,both,14,321631,431,,4,6,90,331,4,0.23,"(id, 2)",,,,,22229,7259,15387,19272,7903,2374635,2124122,250513,230,41988666,77711,78493,4853511,5157507,,Авто
152,Bloggactivo.com,59,Dofollow,Регистрируемся по ссылке на сайте без подтверждения электронной почт. Попадаем в админку и публикуем статью с нужной нам ссылкой.,subdomains,both,14,321631,431,,4,6,90,331,4,0.23,"(id, 2)",,,,,22229,7259,15387,19272,7903,2374635,2124122,250513,230,41988666,77711,78493,4853511,5157507,,Авто
153,socialnetworkadsinfo.com,53,Dofollow,,subdomains,both,10,561342,23,,,,2,21,,0.00,"(id, 0)",,,,,10747,3810,7027,9328,4589,632830,578399,54431,40,20026927,22897,22898,1011799,1550261,,Полуавто
154,dirstop.com,59,Dofollow,,subdomains,both,15,337068,29,,,,4,25,,0.05,"(ca, 0)",,,,,17064,5112,12316,15436,7031,1501499,801919,699580,58,21959097,27819,27820,1165500,1758446,,Полуавто
155,socialmediastore.net,56,Dofollow,,subdomains,both,11,435665,11,,,,,11,,0.00,"(in, 0)",,,,,13193,4387,9032,11745,5568,628787,524464,104323,56,18996393,29407,29408,990561,1501926,,Полуавто
156,getsocialpr.com,54,Dofollow,,subdomains,both,16,539591,16,,,,1,15,,0.00,"(us, 0)",,,,,12853,4206,8902,11484,5368,871852,804103,67749,56,14697785,20979,20980,737721,1134574,,Полуавто
157,socialmediastore.net,56,Dofollow,,subdomains,both,11,435665,11,,,,,11,,0.00,"(in, 0)",,,,,13193,4387,9032,11745,5568,628787,524464,104323,56,18996393,29407,29408,990561,1501926,,Полуавто
158,getsocialpr.com,54,Dofollow,,subdomains,both,16,539591,16,,,,1,15,,0.00,"(us, 0)",,,,,12853,4206,8902,11484,5368,871852,804103,67749,56,14697785,20979,20980,737721,1134574,,Полуавто
159,meuanunciogratis.com.br,50,Dofollow,профиль,subdomains,both,0.9,743791,,,,,,,,,,,,,,1928,676,1300,1887,1438,38170,12420,25750,11,,,,,,,Полуавто
160,Federatedjournals.com,65,dofollow,"Также регистрация довольно простая, нужно указать лишь почту, пароль и логин. После регистрации переходим на главную страницу профиля и добавляем пост со своей статьей, в которой размещается ссылка.",subdomains,both,04.июл.,181363,121,,,1,14,106,2,0.54,"(nl, 2)",,,,,38923,9666,30053,31741,13379,7554660,1628537,5926123,489,2449508,39194,39358,1815162,1873507,,Авто
161,Ltfblog.com,58,dofollow,"Регистрируемся по ссылке ltfblog.com/register, создаем блог и нажимаем на Add New Post. Добавляем пост и нужную нам ссылку. Входим на сайт без VPN. С некоторыми VPN сайт не открывается.",subdomains,both,8,363187,,,,,,,,,,,,,,19426,5769,14038,17150,7442,2086259,1929674,156585,212,18196885,73166,73814,2775530,3025878,,Авто
162,Blogtov.com,56,dofollow,"Переходим сразу по ссылке blogtov.com/register и проходим регистрацию. Почту подтверждать не нужно, сразу попадаем в админку блога. Переходим на вкладку Add New Post и публикуем запись.",subdomains,both,10,426551,,,,,,,,,,,,,,19925,5802,14346,17820,7479,1784537,1608622,175915,241,23372103,80438,81457,3120311,3504548,,Авто
163,Blazingblog.com,58,dofollow,"Регистрируемся и попадаем в админку, где можем без проблем разместить статью и ссылку в ней. При входе допускается использование ВПН сервисов.",subdomains,both,7,347658,,,,,,,,,,,,,,19986,5874,14328,17310,7366,1727236,1552767,174469,230,15314574,68603,69387,2048230,2292653,,Авто
164,Myparisblog.com,59,dofollow,"Стандартная регистрация, которая требует указания почты и названия блога. Переходим в админку, с которой можем постить статьи и управлять ими.",subdomains,both,8,333936,5,,,,1,4,,0.00,"(sg, 0)",,,,,21628,6495,15573,18610,7904,2052587,1823209,229378,206,18635423,71648,72416,2271098,2533488,,Авто
165,Losblogos.com,56,dofollow,"Регистрируемся на сайте и без подтверждения почты переходим в админку. Публикуем новый материал, добавляем графические материалы и ссылку на нужный вам ресурс.",subdomains,both,04.мар.,414223,24,,,,2,22,,0.00,"(us, 0)",,,,,19700,5910,14215,17633,7491,2151686,1988358,163328,223,7579433,44458,44851,1086469,1206430,,Авто
166,Blogunteer.com,58,dofollow,,subdomains,both,13,368661,6,,,,2,4,,0.00,"(ae, 0)",,,,,19822,5649,14394,17550,7425,2178567,2003659,174908,244,6838093,42996,43350,1005195,1123385,,Авто
167,aiti.edu.vn,52,Nofollow,,subdomains,both,7,656831,16,,,1,4,11,,0.00,"(vn, 0)",,,,,4888,1479,3499,5826,2697,80320,58089,22231,14,,,,,,,Полуавто
168,Bloggadores.com,57,Dofollow,"После регистрации в соответствующем меню находим вкладку Add new post и добавляем контент, в который вставляем анкорную или безанкорную ссылку.",subdomains,both,11,387374,267,,,3,32,232,2,фев.91,"(us, 2)",,,,,21610,6601,15498,18737,7926,2687025,2447347,239678,216,9893907,27595,27921,782231,835890,,Авто
169,Bloggadores.com,57,Dofollow,"После регистрации в соответствующем меню находим вкладку Add new post и добавляем контент, в который вставляем анкорную или безанкорную ссылку.",subdomains,both,11,387374,267,,,3,32,232,2,фев.91,"(us, 2)",,,,,21610,6601,15498,18737,7926,2687025,2447347,239678,216,9893907,27595,27921,782231,835890,,Авто
170,bookmarkloves.com,54,Dofollow,,subdomains,both,16,504159,23,,,,1,22,,0.00,"(kr, 0)",,,,,13606,4333,9543,12379,5796,605922,516776,89146,66,21257245,31169,31170,1092276,1665649,,Полуавто
171,robotech.com,54,Dofollow,Тип: форумная Пример размещения - https://robotech.com/forums/viewthread/2212994,subdomains,both,31,507045,360,40,67,52,84,117,746,109.00,"(us, 703)",,,,,19943,2814,17293,15924,8204,292149,199376,92773,51,33258,89,89,3267,3467,,Полуавто
172,Blogchaat.com,57,dofollow,"Регистрируемся по ссылке blogchaat.com/register, указываем необходимые данные и переходим сразу в админ панель. Публикуем контент и в него вставляем нужную анкорную или безанкорную ссылку.",subdomains,both,1,391984,10,,,,2,8,,0.00,"(us, 0)",,,,,21178,6545,15136,18278,7810,1790857,1570881,219976,249,17441225,78716,79453,2577047,2835694,,Авто
173,Eedblog.com,57,dofollow,,subdomains,both,13,397982,10,,,,3,7,,0.00,"(us, 0)",,,,,19689,5886,14161,17267,7432,1745854,1538249,207605,225,13387334,63973,64554,1937274,2149826,,Авто
174,Creacionblog.com,57,Dofollow,"Регистрация не требует подтверждения на почте, поэтому выполняется в несколько минут. Переходим в админку и нажимаем Add new post, после чего публикуем материал и ссылку.",subdomains,both,10,401123,435,5,18,38,168,206,252,52.62,"(id, 184)",,,,,21129,6633,14932,18399,7762,1751733,1547254,204479,236,39866279,104304,105301,5276568,5819988,,Авто
175,Digitollblog.com,56,Dofollow,"Качественный сайт для размещения поста после предварительной регистрации. Вставляем пост внутри админки, после чего получаем ссылку на статью, которую можно проиндексировать.",subdomains,both,11,447849,4,,,,,4,,0.00,"(gb, 0)",,,,,20302,5659,14923,17644,7598,1696112,1511802,184310,245,14992300,69592,70311,2054400,2292806,,Авто
176,Creacionblog.com,57,Dofollow,"Регистрация не требует подтверждения на почте, поэтому выполняется в несколько минут. Переходим в админку и нажимаем Add new post, после чего публикуем материал и ссылку.",subdomains,both,10,401123,435,5,18,38,168,206,252,52.62,"(id, 184)",,,,,21129,6633,14932,18399,7762,1751733,1547254,204479,236,39866279,104304,105301,5276568,5819988,,Авто
177,Digitollblog.com,56,Dofollow,"Качественный сайт для размещения поста после предварительной регистрации. Вставляем пост внутри админки, после чего получаем ссылку на статью, которую можно проиндексировать.",subdomains,both,11,447849,4,,,,,4,,0.00,"(gb, 0)",,,,,20302,5659,14923,17644,7598,1696112,1511802,184310,245,14992300,69592,70311,2054400,2292806,,Авто
178,4kquan.com,52,Dofollow,https://www.google.com/search?q=site%3Ahttps%3A%2F%2F4kquan.com,subdomains,both,0.2,629991,,,,,,,,,,,,,,3213,638,2598,3026,1951,69809,48669,21140,13,390,,1,,268,,Полуавто
179,socialrus.com,53,Dofollow,,subdomains,both,10,573582,9,,,,1,8,,0.00,"(kw, 0)",,,,,11979,3819,8242,10515,5106,631564,563046,68518,45,16180579,20458,20459,855470,1291751,,Полуавто
180,socialmediainuk.com,58,Dofollow,,subdomains,both,14,352521,12,,,,3,9,,0.00,"(us, 0)",,,,,15905,4868,11239,14587,6396,1522437,856873,665564,82,17183783,21066,21067,888076,1351741,,Полуавто
181,forum.caswellplating.com,49,Dofollow,форумная,subdomains,both,14,838497,1786,4,90,259,830,603,280,139.26,"(us, 277)",,,,,2250,1094,1206,1892,1454,32455,22907,9548,4,337414,34,39,5522,8200,,Полуавто
182,mymeetbook.com,62,Nofollow,статейная,subdomains,both,16,240671,1893,4,25,66,684,1114,321,апр.46,"(mm, 122)",,,,,20474,7187,13971,18452,8036,1928098,1165120,762978,147,1225,2,14,7297,12827,,Полуавто
183,Francaisfsc.ca,24,dofollow,"Можно зарегистрироваться используя почту Google, что существенно ускоряет процесс. В созданном аккаунте находим поле About и вписываем текст с нужной ссылкой. Можно сделать ссылку Nofollow при необходимости.",subdomains,both,0,8989120,,,,,,,,,,,,,,1899,458,1469,1776,1344,8923,5143,3780,261,,,,,,,Полуавто
184,https://thestartuppitch.com/post-a-pitch/,41,dofollow,,subdomains,both,8,1622412,247,1,19,31,110,86,21,28.13,"(us, 10)",,,,,508,382,137,357,307,1904,1192,712,2,307850,11962,11963,71212,85875,,Полуавто
185,http://www.appclonescript.com/,48,dofollow,"Не сильные, но сюда можно прислать статью с ссылкой, которую бесплатно вам разместят. ,,Полуавто
,,
Можно заюзать какой-нибудь ии генератор, взять тему подходящую под сайт и будет хорошо",subdomains,both,15,942688,6250,9,92,175,1377,4597,21077,608.09,"(in, 19657)",,,,,1551,906,656,1180,887,44257,40121,4136,,5243946,13474,13496,560810,716023,,Полуавто
186,meogames.com,38,Dofollow,Тип: форумная Пример размещения - http://forum.meogames.com/forum.php?mod=viewthread&tid=8611&extra=,subdomains,both,04.мар.,2095543,1,,1,,,,,,"(tw, 0)",,,,,2867,778,2106,2599,1827,164524,107904,56620,2,17,8,8,58,58,,Полуавто
187,meogames.com,38,Dofollow,Тип: форумная Пример размещения - http://forum.meogames.com/forum.php?mod=viewthread&tid=8611&extra=,subdomains,both,04.мар.,2095543,1,,1,,,,,,"(tw, 0)",,,,,2867,778,2106,2599,1827,164524,107904,56620,2,17,8,8,58,58,,Полуавто
188,dglonet.com,56,dofollow,,subdomains,both,7,436334,2092,1,12,117,649,1313,54,32.16,"(us, 13)",,,,,6093,2367,3948,6346,3544,292620,169956,122664,75,,,,,,,Полуавто
189,prep4usmle.com,31,Nofollow,форумная,subdomains,both,8,4219244,112,,,8,35,69,1,0.09,"(us, 1)",,,,,2828,1579,1269,2914,1314,41274,36075,5199,2,13,,,,,,Полуавто
190,Dealz123.com,48,dofollow,"При переходе на сайт регистрируемся и указываем почту/пароль. После регистрации сразу авторизуемся на сайте и кликаем в правом верхнем углу “Submit a deal”. Заполняем все поля, вставляем статью и заголовок.",subdomains,both,16,938744,,,,,,,,,,,,,,4729,1779,3140,4592,2755,44524,31925,12599,21,178658,7,3442,9221,78524,,Полуавто
191,https://bamboodu.com/,27,dofollow,"Не сильные, но сюда можно прислать статью с ссылкой, которую бесплатно вам разместят. ,,Полуавто
,,
Можно заюзать какой-нибудь ии генератор, взять тему подходящую под сайт и будет хорошо",subdomains,both,23,6732012,1104,9,30,71,435,559,229,54.27,"(ph, 95)",,,,,317,264,57,273,229,1212,1018,194,,114767,1837,1846,17883,18052,,Полуавто
192,royalecollege.edu.jm,17,Nofollow,Edu профиль Пример размещения - https://royalecollege.edu.jm/members/roxannemartin1/,subdomains,both,14,13620567,,,,,,,,,,,,,,1676,191,1492,1607,1165,14821,9715,5106,1,14,,1,,1,,Полуавто
193,bitsdujour.com,75,Dofollow,профиль,subdomains,both,25,42105,3289,11,79,185,1263,1751,383,56.36,"(us, 97)",1,2,6,0.67,59376,20232,41295,46622,19576,21276588,9953165,11323423,1387,26966461,143829,143860,13479163,13488290,,Полуавто
194,Gabitos.com,57,Dofollow,форумная,subdomains,both,6,397099,1698,1,9,27,414,1247,21,0.25,"(mx, 9)",,,,,17312,3988,13624,14420,7097,479360,397620,81740,255,"1,14E+08",67887,73539,4051052,6318930,,Полуавто
195,v.gd,74,Dofollow,профиль,subdomains,both,23,48003,32,2,,3,7,20,28,0.00,"(kh, 24)",,,,,31999,10499,22277,27101,11877,3001818,2225818,776000,336,210,,,,,,Полуавто
196,urlscan.io,75,Dofollow,профиль,subdomains,both,44,37271,23441,2265,5518,5500,6381,3777,219151,71312.75,"(in, 53319)",,,,,31264,11267,21001,27738,12199,1940975,1530717,410258,279,2400,4,4,5,5,,Полуавто
197,socialsocial.social,68,Dofollow,профиль,subdomains,both,19,149413,680,,,1,96,583,1,0.06,"(in, 1)",,,,,19686,9202,11658,17936,8297,2587191,1634741,952450,235,,,,,,,Полуавто
198,shoplook.io,64,Dofollow,профиль,subdomains,both,17,212674,22276,70,1409,2996,8766,9035,7942,5229.67,"(us, 7133)",1,1,2,0.79,7720,3147,4727,7226,4078,226519,98519,128000,208,,,,,,,Полуавто
199,rpgplayground.com,60,Dofollow,профиль,subdomains,both,47,301497,498,21,54,83,238,102,1442,377.09,"(us, 1257)",,,,,8732,4422,4693,8763,4601,1720360,949760,770600,21,1584942,517,536,465194,465311,,Полуавто
200,original.misterpoll.com,72,Dofollow,профиль,subdomains,both,11,71591,,,,,,,,,,,,,,16604,5599,12298,14191,7558,510505,210997,299508,237,,4,16,80,421,,Полуавто
201,offcourse.co,63,Dofollow,профиль,subdomains,both,17,218113,19200,76,1367,1938,8166,7653,4505,1380.63,"(us, 2798)",,,,,15167,4760,10700,13090,7095,1487335,739720,747615,416,8768311,32326,32430,4909441,4918326,,Полуавто
202,notabug.org,73,Dofollow,профиль,subdomains,both,23,63430,1137,12,81,144,549,351,5697,137.33,"(in, 2806)",,,,,19796,5423,14747,18991,9097,4276160,961954,3314206,119,,,,,,,Полуавто
203,myworldgo.com,64,Dofollow,профиль,subdomains,both,25,211188,132,,,4,36,92,,0.04,"(us, 0)",,,,,25174,8510,18621,21137,9691,804443,423900,380543,164,36332561,131483,133920,18644530,18732959,,Полуавто
204,minecraftathome.com,59,Dofollow,профиль,subdomains,both,15,320413,114,5,23,21,32,33,828,39.34,"(us, 358)",,,,,15569,3234,12491,13999,6570,3049229,71749,2977480,14,843238,3898,3923,209275,211794,,Полуавто
205,micro.blog,80,Dofollow,профиль,subdomains,both,43,13002,2227,32,189,250,866,890,1832,247.85,"(us, 1448)",,,,,31553,12257,20274,25489,12455,5475171,3980374,1494797,8955,6908076,45940,45981,2022761,2110950,,Полуавто
206,furaffinity.net,81,Dofollow,профиль,subdomains,both,23,10785,124787,3755,8859,13069,52006,47098,580967,258767.53,"(us, 410327)",,,,,46909,28797,22095,37393,16678,23678068,11059380,12618688,473,30544,12,16,364826,364888,,Полуавто
207,intensedebate.com,80,Dofollow,профиль,subdomains,both,35,15481,326,21,39,48,117,101,373,июн.14,"(gr, 159)",,,,,71905,25955,48876,54481,22298,16535997,8385349,8150648,2732,3910945,132959,134453,3920322,4507672,,Полуавто
208,joindota.com,64,Dofollow,профиль,subdomains,both,13,199965,4578,59,496,1044,2225,754,4899,426.50,"(ph, 1162)",,,,,11592,4555,7304,11043,5598,494006,207724,286282,200,,,,,,,Полуавто
209,mapleprimes.com,72,Dofollow,профиль,subdomains,both,19,73138,2774,,35,220,1146,1373,146,53.87,"(us, 78)",,,,,47306,13153,35505,38701,16224,11854274,8402652,3451622,945,14463658,40163,40166,6423226,6426731,,Полуавто
210,theexeterdaily.co.uk,67,Dofollow,Профиль,subdomains,both,04.фев,164312,8197,20,75,334,2347,5421,612,791.35,"(gb, 568)",,,,,18831,7131,12058,16383,7289,1270016,850313,419703,472,1726322,9382,20131,160819,781198,,Полуавто
211,netsalus.net,24,Dofollow,статейная,subdomains,both,03.авг.,8884633,144,,,,34,110,,0.00,"(es, 0)",,,,,3790,492,3309,3300,2166,86693,76128,10565,7,2859826,440,1498,36752,83506,,Полуавто
212,projectnoah.org,71,Dofollow,Профиль,subdomains,both,27,97138,10727,185,575,592,3637,5738,4462,838.59,"(us, 2096)",,,,,13621,6306,7679,13413,6603,2244246,1199547,1044699,515,5002215,15397,15397,878684,878771,,Полуавто
213,coheehk.com,13,Dofollow,форумная,subdomains,both,01.фев,18749438,72,3,5,11,26,27,389,28.30,"(hk, 389)",,,,,534,214,330,484,386,4851,1755,3096,,1300,4,5,139,144,,Полуавто
214,socialnetwork.linkz.us,51,Dofollow,статейная,subdomains,both,12,699309,47,,,,9,38,,0.00,"(us, 0)",,,,,5017,2281,2849,4643,2738,241013,217302,23711,7,3859483,13296,28312,1197878,1261771,,Полуавто
215,opensource.platon.org,64,Dofollow,форумная,subdomains,both,10,201991,98,,2,9,44,43,1,0.02,"(cl, 0)",,,,,6323,2631,3799,5418,3223,7597368,3603789,3993579,26,41235844,79340,79378,14682119,16258345,,Полуавто
216,buddypress.org,83,Dofollow,профиль,subdomains,both,58,8584,1775,83,173,226,640,653,4015,3632.56,"(us, 1485)",,,,,19606,8595,11552,17311,8620,5496030,4850356,645674,195,20398082,259,11448,12862768,13134718,,Полуавто
217,leenkup.com,52,Dofollow,статейная,subdomains,both,0.1,650209,1802,,6,23,568,1205,26,фев.57,"(us, 10)",,,,,19955,6627,16303,16194,7681,328643,250010,78633,28,28495274,1566,10103,414265,712129,,Полуавто
218,www.dmxzone.com,73,Dofollow,статейная,subdomains,both,19,67671,1085,15,122,139,501,308,698,236.23,"(us, 265)",,,,,19245,10395,12133,15568,7734,288428,223232,65196,117,7464645,816,6673,370360,399537,,Полуавто
219,cafebabel.com,67,Dofollow,профиль,subdomains,both,19,155905,10217,73,237,907,3535,5465,1757,80.64,"(it, 788)",,,,,5194,3143,2263,4297,2920,83603,62636,20967,31,4919939,19623,19639,1351653,1803959,,Полуавто
220,cafebabel.com,67,Dofollow,профиль,subdomains,both,19,155905,10217,73,237,907,3535,5465,1757,80.64,"(it, 788)",,,,,5194,3143,2263,4297,2920,83603,62636,20967,31,4919939,19623,19639,1351653,1803959,,Полуавто
221,kambadyami.net,30,Dofollow,статейная,subdomains,both,03.авг.,4695197,2,,1,,1,,1,,"(ao, 1)",,,,,4987,968,4131,4419,2792,116912,28492,88420,6,24,,,,,,Полуавто
222,etkinigoster.com,25,Dofollow,статейная,subdomains,both,0.7,7922424,,,,,,,,,,,,,,2052,281,1813,2767,1446,24381,10588,13793,,7350,1,2,3110,3312,,Полуавто
223,easyinsurancehub.co.uk,31,Dofollow,форумная,subdomains,both,0.8,4551139,,,,,,,,,,,,,,6172,2296,4570,5287,3312,26242,11476,14766,,,,1,,4,,Полуавто
224,gutekueche.at,70,Dofollow,Профиль,subdomains,both,9,117747,279957,36195,28880,36354,87320,91208,2489035,342032.47,"(at, 1614325)",9,17,117,фев.99,5631,3161,2534,4937,2816,142998,113092,29906,32,7848340,59,200,162,613206,,Полуавто
225,thewion.com,50,Dofollow,статейная,subdomains,both,22,751150,,,,,,,,,,,,,,8312,3739,5142,7498,4365,300346,144687,155659,26,6418800,944,8963,33796,145467,,Полуавто
226,melanatedpeople.net,38,Dofollow,статейная,subdomains,both,7,2100707,313,,6,2,55,250,33,янв.41,"(us, 28)",,,,,2238,1067,1272,2174,1527,15951,6588,9363,12,821449,40,5569,8437,46590,,Полуавто
227,cyberpinoy.net,51,Dofollow,статейная,subdomains,both,0,688695,258,,1,4,91,162,6,мар.24,"(nl, 1)",,,,,17511,7828,12264,15277,7359,322411,217258,105153,109,,,,,,,Полуавто
228,tzportfolio.com,61,Dofollow,Профиль,subdomains,both,16,268902,24,,3,1,10,10,4,0.11,"(kr, 2)",,,,,954,545,446,932,787,29784,23985,5799,3,168453,61,69,15235,15970,,Полуавто
229,profiteplo.com,37,Dofollow,профиль,subdomains,both,14,2399707,6,,,,1,5,,0.00,"(ru, 0)",,,,,8746,1594,7220,7804,4334,253096,33739,219357,4,,,,,,,Полуавто
230,fanschats.com,16,Dofollow,форумная,subdomains,both,0.1,14584345,,,,,,,,,,,,,,471,160,311,407,340,2108,279,1829,,,,,,,,Полуавто
231,jobs.theeducatorsroom.com,58,Dofollow,профиль,subdomains,both,01.июл.,372038,13,,2,4,3,4,6,0.64,"(in, 3)",,,,,6787,3744,3208,5416,3237,89526,36583,52943,21,5155353,3317,3698,315385,345454,,Полуавто
232,www.medicinacinesenews.it,40,Dofollow,профиль,subdomains,both,25,1881623,14,,2,1,3,8,142,14.14,"(vn, 142)",,,,,4370,2108,2397,4216,2440,232228,120403,111825,380,,,,,,,Полуавто
233,blissgrin.com,34,Dofollow,статейная,subdomains,both,0,3013071,,,,,,,,,,,,,,2527,588,2018,2501,1646,93250,15121,78129,3,,,,,,,Полуавто
234,www.ptats.co.id,31,Dofollow,профиль,subdomains,both,13,4468430,20,3,2,2,3,10,81,мар.32,"(id, 81)",,,,,2581,1647,1023,1999,1416,28310,18516,9794,6,237273,383,391,13479,13534,,Полуавто
235,nagievonline.com,53,Dofollow,профиль,subdomains,both,17,582778,,,,,,,,,,,,,,14019,2902,11287,12349,6024,1969077,122217,1846860,14,9152,7,7,13,13,,Полуавто
236,ivebo.co.uk,54,Dofollow,статейная,subdomains,both,10,528714,964,2,10,21,176,755,506,03.ноя,"(in, 496)",,,,,17789,5573,13221,14752,7314,536154,427187,108967,50,1667355,1698,8407,417986,1349254,,Полуавто
237,amzgame.com,56,Dofollow,форумная,subdomains,both,8,433643,417,10,28,44,147,188,883,256.80,"(eg, 237)",,,,,20256,9585,13541,16215,7578,557532,185680,371852,48,1338164,73083,73097,1031985,1042565,,Полуавто
238,celebisland.com,18,Dofollow,статейная,subdomains,both,04.июл.,12570276,81,,,,6,75,,0.00,"(tr, 0)",,,,,3691,821,2891,3552,2186,46087,38750,7337,2,,,,,,,Полуавто
239,jointcorners.com,61,Dofollow,статейная,subdomains,both,02.сен,267305,2004,3,22,73,569,1337,229,14.94,"(id, 91)",,,,,15845,7577,9782,14825,6838,1267970,914836,353134,78,114,,,,,,Полуавто
240,www.etmm-online.com,52,Dofollow,профиль,subdomains,both,21,621925,2502,8,18,93,671,1712,52,86.71,"(gb, 11)",,,,,1100,552,558,916,764,51657,18679,32978,32,1424599,492,646,181987,216131,,Полуавто
241,bookrastinating.com,54,Dofollow,профиль,subdomains,both,12,550407,,,,,,,,,,,,,,818,456,416,843,770,289306,285144,4162,2446,3245239,1872,2637,1388529,1691112,,Полуавто
242,biznesinfo.kz,27,Dofollow,профиль,subdomains,both,01.фев,6416006,3216,55,157,392,1544,1068,3102,43.53,"(kz, 3071)",,,,,241,37,204,113,107,744,88,656,,1121596,130,11018,1426,118653,,Полуавто
243,enkling.com,56,Dofollow,статейная,subdomains,both,25,424252,1007,,3,14,260,730,17,апр.56,"(us, 9)",,,,,16422,6615,11836,14918,6696,2807627,1248699,1558928,81,33759186,1960,6703,2047937,3053613,,Полуавто
244,itkvariat.com,48,Dofollow,профиль,subdomains,both,22,892752,649,2,11,40,235,361,107,0.01,"(ru, 55)",,,,,16276,4335,12078,14730,6882,204331,80007,124324,30,455241,587,654,89507,149974,,Полуавто
245,posta2z.com,47,Dofollow,статейная,subdomains,both,7,1003991,237,,1,22,97,117,12,авг.30,"(au, 4)",,,,,5549,1327,4372,5335,3098,146077,116033,30044,35,17014099,1895,20091,337693,768459,,Полуавто
246,bresdel.com,70,Dofollow,статейная,subdomains,both,23,124270,6067,1,43,104,1316,4603,890,46.50,"(in, 717)",,,,,30738,9132,22884,25778,11094,2410314,1287479,1122835,212,"1,27E+08",94730,117792,3482801,5489504,,Полуавто
247,sparktv.net,66,Dofollow,статейная,subdomains,both,21,175534,354,,1,7,68,278,20,июл.14,"(in, 11)",,,,,22224,12915,11977,19169,8065,818659,654442,164217,68,29764127,1639,19428,158865,1513717,,Полуавто
248,debwan.com,66,Dofollow,статейная,subdomains,both,01.апр.,173366,,,,,,,,,,,,,,16739,3205,13726,14012,7168,7201055,6625220,575835,78,,,,,,,Полуавто
249,keyfootage.com,39,Dofollow,форумная,subdomains,both,0.1,2022381,65,2,3,3,38,19,33,39.69,"(us, 33)",,,,,112,46,66,100,92,334,89,245,,214,4,4,140,140,,Полуавто
250,facelore.com,34,Dofollow,статейная,subdomains,both,03.мар.,3292555,,,,,,,,,,,,,,4813,1090,3821,4477,2775,94133,63234,30899,35,,,,,,,Полуавто
251,connectgalaxy.com,49,Dofollow,статейная,subdomains,both,35,863683,3415,4,27,131,1160,2093,413,17.46,"(in, 307)",,,,,6259,2684,3730,5845,3224,397234,101571,295663,55,71317724,1702,62522,648516,1963659,,Полуавто
252,community.wongcw.com,69,Dofollow,статейная,subdomains,both,20,126709,6645,12,74,168,1608,4783,4064,68.16,"(in, 1844)",,,,,38759,10909,29181,31286,13185,5374988,1684930,3690058,292,63299664,24869,29661,3105508,4255082,,Полуавто
253,remotecentral.com,64,Dofollow,Профиль,subdomains,both,19,198516,1866,3,30,74,853,906,83,июл.21,"(us, 69)",,,,,14518,5899,10002,13586,6833,1316447,699402,617045,264,,,,,,,Полуавто
254,community.wongcw.com,69,Dofollow,статейная,subdomains,both,20,126709,6645,12,74,168,1608,4783,4064,68.16,"(in, 1844)",,,,,38759,10909,29181,31286,13185,5374988,1684930,3690058,292,63299664,24869,29661,3105508,4255082,,Полуавто
255,razyboard.com,70,Dofollow,форумная,subdomains,both,11,116218,,,,,,,,,,,,,,3629,1601,2076,3241,2166,583346,571767,11579,722,,,,,,,Полуавто
256,packal.org,66,Dofollow,Профиль,subdomains,both,04.мар.,179145,241,1,19,24,111,86,38,04.ноя,"(us, 11)",,,,,2692,1635,1099,2421,1656,191652,146981,44671,24,295454,893,894,23273,34246,,Полуавто
257,lwccareers.lindsey.edu,69,Dofollow,Профиль,subdomains,both,45,126889,,,,,,,,,,,,,,17530,5739,12220,17076,8064,1810413,846367,964046,95,122233,355,357,38993,39062,,Полуавто
258,spoofee.com,46,Dofollow,форумная,subdomains,both,12,1148107,5495,4,35,51,750,4655,2315,299.10,"(us, 2313)",,,,,2068,1126,953,1792,1435,4238893,4233291,5602,,1980096,560,2848,439940,498184,,Полуавто
259,kosmetikinstitut-milla.de,42,Dofollow,профиль,subdomains,both,7,1504190,13,,4,1,4,4,17,фев.66,"(de, 17)",,,,,5186,910,4345,4603,2842,67480,9505,57975,2,15225,5,10,46703,55668,,Полуавто
260,gamerlaunch.com,71,Dofollow,статейная,subdomains,both,11,101995,206,2,6,8,77,113,101,08.май,"(us, 99)",,,,,23522,9893,15661,20267,9059,924895,686288,238607,226,7140671,14795,15226,700854,856889,,Полуавто
261,capsulink.com,71,Dofollow,статейная,subdomains,both,12,105974,962,3,9,52,328,570,112,45.78,"(us, 42)",,,,,3572,1687,1942,3145,2072,53104,24332,28772,179,70108,970,971,8626,10666,,Полуавто
262,truxgo.net,65,Dofollow,статейная,subdomains,both,16,198210,,,,,,,,,,,,,,9258,2967,6438,8020,4624,254380,130310,124070,131,,,,,,,Полуавто
263,jeban.com,59,Dofollow,Профиль,subdomains,both,12,333014,83922,2151,8026,13974,36820,22951,67783,7094.51,"(th, 67089)",7,7,13,фев.50,3931,2780,1169,3724,1733,383051,199851,183200,,73013659,2951,2986,1663552,1701962,,Полуавто
264,dartsplanet.tv,33,Dofollow,профиль,subdomains,both,11,3440711,3164,64,143,258,1378,1321,2122,210.52,"(gb, 2034)",,,,,1322,848,482,1181,915,15315,11094,4221,6,448577,247,250,11255,69305,,Полуавто
265,midiario.com.mx,43,Dofollow,статейная,subdomains,both,04.апр.,1458804,,,,,,,,,,,,,,3130,1796,1564,3707,1984,124313,93295,31018,1,15281,,,,,,Полуавто
266,palscity.com,62,Dofollow,статейная,subdomains,both,13,252353,904,11,41,97,404,351,804,216.57,"(ke, 370)",,,,,14587,6139,8913,13844,6295,1291879,981209,310670,102,"1,15E+08",336,49230,2126868,2554348,,Полуавто
267,www.theexeterdaily.co.uk,67,Dofollow,профиль,subdomains,both,17,164312,8179,20,75,334,2345,5405,612,791.35,"(gb, 568)",,,,,,,,,,,,,,,,,,,,Полуавто
268,glamorouslengths.com,62,Dofollow,Профиль,subdomains,both,54,240233,1,,,,1,,,0.10,"(gb, 0)",,,,,15385,4565,11145,15152,7247,1986196,564281,1421915,106,43841,1,1,1004,20532,,Полуавто
269,heber-ut.granicusideas.com,69,Dofollow,статейная,subdomains,both,0.4,127572,,,,,,,,,,,,,,14530,5002,9796,13175,6735,1646049,809499,836550,102,21123724,117655,117655,11025102,11025233,,Полуавто
270,nextsocial.net,33,Dofollow,статейная,subdomains,both,0.7,3505139,,,,,,,,,,,,,,5397,802,4671,4886,2886,94588,27236,67352,,,,1,,96598,,Полуавто
271,poetrynook.com,61,Dofollow,Профиль,subdomains,both,6,263966,11322,307,790,1230,4592,4403,5295,122.46,"(in, 3017)",,,,,3986,2318,1707,3227,2288,15819,11038,4781,3,1572202,780,796,297467,324169,,Полуавто
272,funddreamer.com,64,Dofollow,профиль,subdomains,both,15,201965,,,,,,,,,,,,,,10127,4260,6175,9833,5232,2977368,1691544,1285824,385,14644,,,,,,Полуавто
273,georgiantheatre.ge,33,Dofollow,профиль,subdomains,both,7,3594380,85,,27,31,23,4,79,0.00,"(ge, 79)",,,,,6176,1769,4843,5703,3576,282803,135636,147167,4,11036,43,44,279450,286190,,Полуавто
274,rollbol.com,59,Dofollow,статейная,subdomains,both,12,323489,1769,33,54,85,615,982,12335,781.78,"(au, 2379)",,,,,17339,5205,12398,15012,7198,358774,230060,128714,559,,,,,,,Полуавто
275,budtrader.com,61,dofollow,статейная,subdomains,both,31,270219,,,,,,,,,,,,,,14758,3586,11502,13263,6414,645126,159077,486049,99,,,,,,,Полуавто
276,https://buyersguide.americanbar.org,90,Dofollow,профиль,subdomains,both,6,1996,286,2,25,28,136,95,115,433.19,"(us, 114)",,,,,66410,57799,10517,44531,20611,14405209,14079010,326199,13535,681713,130,131,56941,56973,,Полуавто
277,huzzaz.com,68,Dofollow,Профиль,subdomains,both,21,140871,13952,8,89,416,4655,8784,802,40.06,"(in, 454)",,,,,20405,6957,13895,18471,8322,2631509,1932823,698686,79,55871037,98868,98879,8326782,9625729,,Полуавто
278,mazafakas.com,65,Dofollow,Профиль,subdomains,both,15,194157,81,,1,4,28,48,64,0.01,"(us, 63)",,,,,37538,11325,27473,31675,13563,4380419,1380031,3000388,185,435285,30143,30151,59407,59447,,Полуавто
279,aldenfamilydentistry.com,57,Dofollow,Профиль,subdomains,both,04.апр.,386660,40,2,2,9,18,9,32,20.84,"(us, 32)",,,,,8499,3161,5539,9017,4457,1439845,512204,927641,151,63569416,25326,26242,"1,56E+08","1,58E+08",,Полуавто
280,zomi.net,49,Dofollow,статейная,subdomains,both,25,851952,14,,1,,1,12,,0.00,"(de, 0)",,,,,8773,2974,6592,7693,4234,174477,74275,100202,16,1441697,2,316,288,15330,,Полуавто
281,webyourself.eu,63,Dofollow,статейная,subdomains,both,28,237955,38,,,,5,33,,0.00,"(in, 0)",,,,,30522,10384,23357,24401,10835,1182109,911200,270909,232,35477891,20209,20495,381107,404463,,Полуавто
282,www.poetrynook.com,61,Dofollow,профиль,subdomains,both,15,263966,11322,307,790,1230,4592,4403,5295,122.46,"(in, 3017)",,,,,,,,,,,,,,,,,,,,Полуавто
283,nasseej.net,39,Dofollow,статейная,subdomains,both,0.2,1972220,,,,,,,,,,,,,,9723,3186,6933,9003,4689,300878,156282,144596,56,9749874,13,13,5233240,5233240,,Полуавто
284,amazingradio.com,68,Dofollow,профиль,subdomains,both,42,141048,170,6,27,27,57,53,493,421.12,"(gb, 435)",,,,,10342,5428,5166,10088,4723,2269815,2005992,263823,225,131236,19084,19257,4808847,4875688,,Полуавто
285,lockabee.com,46,Dofollow,статейная,subdomains,both,03.июн.,1070785,,,,,,,,,,,,,,3104,2003,1165,2710,1454,654379,636065,18314,562,61,,1,,154984,,Полуавто
286,abrek.org,45,Dofollow,профиль,subdomains,both,13,1190295,777,5,14,16,117,625,126,0.00,"(ru, 126)",,,,,7302,1092,6249,6482,3706,1124797,14801,1109996,,772252,65,73,26160,116382,,Полуавто
287,carsoftos.com,25,Dofollow,профиль,subdomains,both,12,8546212,175,2,8,16,61,88,14,май.15,"(pl, 5)",,,,,3098,485,2635,2829,1918,39142,25844,13298,,807351,20,20,5783,5783,,Полуавто
288,www.remotecentral.com,64,Dofollow,профиль,subdomains,both,35,198516,1858,3,30,74,851,900,83,июл.21,"(us, 69)",,,,,,,,,,,,,,,,,,,,Полуавто
289,dailygram.com,73,Dofollow,статейная,subdomains,both,26,63795,554,4,27,52,198,273,206,мар.97,"(in, 165)",,,,,21812,9710,14072,17809,8592,915901,460088,455813,148,59840168,37594,37622,5547295,5575298,,Полуавто
290,telix.pl,67,Dofollow,Профиль,subdomains,both,11,154605,10576,46,239,840,4447,5004,1221,499.09,"(pl, 1197)",,,,,21580,8746,14099,19477,8734,2336382,1421204,915178,251,29533437,2460,12042,3547164,3821156,,Полуавто
291,englishbaby.com,66,Dofollow,профиль,subdomains,both,14,171920,263,2,3,11,101,146,49,янв.34,"(us, 18)",,,,,8541,2660,6076,8405,5097,1631432,651243,980189,226,,,,,,,Полуавто
292,indiaparenting.com,59,Dofollow,форумная,subdomains,both,10,339317,51222,232,1483,4647,24144,20716,14873,110.41,"(in, 12360)",,,,,4205,2835,1386,3553,2325,74925,29508,45417,15,"1,91E+08",9335,9567,1160161,1161686,,Полуавто
293,willysforsale.com,67,Dofollow,Профиль,subdomains,both,19,155997,548,34,48,40,182,244,2297,402.87,"(us, 2237)",,,,,19888,7686,12816,17902,8387,2190350,770681,1419669,531,1519521,22311,22404,1549902,1618232,,Полуавто
294,hallbook.com.br,57,Dofollow,статейная,subdomains,both,36,404174,575,,2,9,119,445,8,фев.35,"(in, 4)",,,,,28665,6308,23024,23131,10433,3748276,1366696,2381580,92,30810,874,1187,13617,15713,,Полуавто
295,forum.liquidbounce.net,67,Dofollow,профиль,subdomains,both,0.8,160763,147,16,53,12,36,30,28,0.11,"(id, 15)",,,,,8259,3742,4726,8550,4060,1864024,760003,1104021,3513,13506180,19,59764,334944,439083,,Полуавто
296,empowher.com,73,Dofollow,профиль,subdomains,both,12,68745,21577,3,30,155,3004,18385,1069,47.51,"(ly, 923)",,,,,38827,10117,29350,30486,13304,2060204,774495,1285709,116,6876396,3261,13592,315742,535693,,Полуавто
297,ethiovisit.com,62,Dofollow,Профиль,subdomains,both,04.июл.,249876,2173,1,73,249,955,895,759,107.84,"(et, 652)",,,,,10128,4341,6007,10172,5095,1221762,652791,568971,244,"1,60E+08",39940,50605,4760647,8179740,,Полуавто
298,sqlservercentral.com,74,Dofollow,профиль,subdomains,both,16,51215,60950,1700,9056,11560,21461,17173,32351,18435.99,"(us, 20859)",,,,,22304,8378,14545,19983,9611,20884514,20213904,670610,410,5987880,7477,11005,620503,702844,,Полуавто
299,zotero.org,84,Dofollow,форумная,subdomains,both,30,6506,121001,527,1860,5911,32901,79802,473406,50813.16,"(us, 101502)",,,,,42220,26060,17290,36787,18714,10274102,8984918,1289184,1045,2686705,153,3841,154402,266511,,Полуавто
300,tumblr.com,94,Dofollow,профиль,subdomains,both,48,57,4131448,151101,468404,604620,1645704,1261619,12173849,949753.82,"(tr, 3949963)",7,7,76,апр.99,1100133,850843,326008,418189,128746,"1,36E+09","9,87E+08","3,77E+08",3348517,73230,1,3,2,5,,Вручную
301,bigcartel.com,92,Dofollow,статейная,subdomains,both,31,398,145955,4557,12784,21973,53564,53077,164738,45932.25,"(us, 81972)",228,314,1871,983.83,205245,158461,72222,94910,40182,22569173,19374668,3194505,81812,50764066,73155,75838,4238882,4916113,,Вручную
302,acidic-ferryboat-714.notion.site,92,Dofollow,статейная,subdomains,both,0.4,514,,,,,,,,,,,,,,166568,121015,54554,110582,44718,"1,43E+08","1,31E+08",11697533,146227,801162,102432,102432,966049,966158,,Полуавто
303,Bitbucket.org,91,Dofollow,форумная,subdomains,both,45,948,5269,564,1038,953,1493,1221,423242,123318.60,"(in, 68894)",,,,,72932,49470,26662,59251,31054,22687339,18779023,3908316,90379,139553,6,5777,20878,147505,,Полуавто
304,hhi.instructure.com,87,Dofollow,статейная,subdomains,both,0.4,3176,,,,,,,,,,,,,,82789,39603,49379,66967,29178,75800482,70472381,5328101,5337,857801,964,1287,61965,71167,,Полуавто
305,instructure.com,87,Dofollow,статейная,subdomains,both,30,3176,104320,10133,10590,10151,30375,43071,7562349,2439596.62,"(us, 6351783)",205,265,1387,964.06,,,,,,,,,,,,,,,,Полуавто
306,Merchantcircle.com,85,Dofollow,статейная,subdomains,both,24,4750,303020,210,3513,25338,155272,118687,15061,10142.33,"(us, 14347)",,,,,47371,25522,22455,34049,15014,2842817,2368060,474757,352,67725,441,637,17727,19810,,Полуавто
307,letterboxd.com,86,Dofollow,профиль,subdomains,both,43,4071,1662188,17899,273015,359453,555826,455995,7887453,1733982.82,"(us, 3597726)",,,,,73937,42516,37157,53900,22483,19882728,15354629,4528099,11840,"6,29E+08",1108,41457,92250166,93291858,,Вручную
308,hackmd.io,83,Dofollow,профиль,subdomains,both,39,8530,145448,4156,12625,19277,62802,46588,182791,28363.05,"(tw, 106844)",,,,,59903,27415,36189,48456,20357,48243365,18937419,29305946,1162,2546180,60391,60410,4813659,5040815,,Вручную
309,smore.com,82,Nofollow,статейная,subdomains,both,20,9263,91656,1368,5119,11099,36340,37730,165531,157563.65,"(us, 146261)",8,20,142,13.16,43570,23241,22656,31037,14819,5333537,4519359,814178,1964,823762,700,64508,58038,1211297,,Полуавто
310,justpaste.it,80,Dofollow,статейная,subdomains,both,36,13285,20370,809,1991,2804,7414,7352,153096,5610.17,"(id, 97114)",,,,,75654,33045,48067,56928,23811,47410073,22425354,24984719,4081,894215,35679,35681,50433,53300,,Полуавто
311,openlearning.com,77,Dofollow,статейная,subdomains,both,23,28047,12407,466,1168,1404,4317,5052,28008,8083.23,"(my, 16198)",14,28,76,22.40,43762,14927,31659,34809,14782,3318558,1802788,1515770,258,2255213,639,720,334669,661696,,Полуавто
312,community.networkofcare.org,76,Dofollow,Профиль,subdomains,both,03.май,33463,257,1,3,5,58,190,194,июн.48,"(gb, 190)",,,,,14583,7332,7333,11836,6264,778481,695088,83393,85,631478,1872,1915,7392,7630,,Полуавто
313,weddingbee.com,75,Nofollow,Профиль,subdomains,both,20,37629,642359,4083,40818,114508,308905,174045,180482,82727.27,"(us, 169706)",,,,,42970,24012,20790,33039,13923,6296199,4762140,1534059,905,260,,,,,,Полуавто
314,experiment.com,75,Nofollow,профиль,subdomains,both,31,38195,3237,73,184,317,1122,1541,1584,205.39,"(us, 865)",,,,,38651,13858,26133,32596,14140,5107622,3215573,1892049,658,4,,,,,,Полуавто
315,corporatelivewire.com,71,Dofollow,Профиль,subdomains,both,26,91579,501,16,11,21,129,324,133,43.51,"(gb, 56)",,,,,3942,2070,1906,3302,2324,51742,32195,19547,36,110,5,6,126,141,,Полуавто
316,esurveyspro.com,69,Dofollow,статейная,subdomains,both,8,126964,694,5,22,24,200,443,85,188.77,"(us, 52)",,,,,10957,5039,7337,9517,5602,144287,55928,88359,29,17767,1760,1771,8395,8446,,Полуавто
317,hebergementweb.org,71,Nofollow,форумная,subdomains,both,20,87209,31,2,4,5,12,8,221,600.60,"(us, 85)",,,,,21229,10962,13266,19027,9042,13076068,5670085,7405983,639,72,2,3,8,15,,Полуавто
318,techplanet.today,70,Nofollow,статейная,subdomains,both,18,107690,245,3,,5,20,217,252,0.13,"(in, 161)",,,,,13456,6437,7616,13398,6632,3032201,1914358,1117843,145,5,,,,,,Полуавто
319,uberant.com,72,Dofollow,статейная,subdomains,both,27,84493,10751,6,50,170,2019,8506,501,132.71,"(in, 221)",,,,,27623,12541,17901,22289,10448,637421,463661,173760,159,,,,,,,Полуавто
320,write.as,79,Nofollow,статейная,subdomains,both,40,17940,5932,90,271,427,1678,3466,8983,2268.06,"(us, 2466)",,,,,24870,8154,17145,19922,10063,1420118,892127,527991,409,1375311,11821,21745,392898,806079,,Полуавто
321,api.prx.org,77,Dofollow,статейная,subdomains,both,0.1,25602,323,2,6,26,149,140,244,129.97,"(ru, 171)",,,,,25945,11033,15463,23100,10832,32084348,31245049,839299,1710,122184,2259,2888,2987802,3013393,,Полуавто
322,wakeuptaylor.boardhost.com,75,Dofollow,форумная,subdomains,both,8,37040,54,,11,12,17,14,12,18.58,"(us, 12)",,,,,36018,16413,25132,28962,13090,15176962,12893180,2283782,217,38880641,38502,38533,3795987,3931014,,Полуавто
323,anobii.com,75,Nofollow,Профиль,subdomains,both,14,37741,57041,706,2822,6723,28556,18234,21722,999.99,"(it, 14741)",,,,,47096,17443,32397,38087,15807,5780121,3873737,1906384,1159,990648,137,153,293239,293260,,Полуавто
324,fimfiction.net,73,Dofollow,Профиль,subdomains,both,20,59429,31792,287,1694,2911,9224,17676,35436,8800.90,"(us, 26914)",,,,,31633,11409,21048,27686,12182,34105649,11911649,22194000,1301,"3,63E+08",4076,41842,12272742,14358854,,Полуавто
325,corporatelivewire.com,71,Dofollow,Профиль,subdomains,both,26,91579,501,16,11,21,129,324,133,43.51,"(gb, 56)",,,,,3942,2070,1906,3302,2324,51742,32195,19547,36,110,5,6,126,141,,Полуавто
326,esurveyspro.com,69,Dofollow,статейная,subdomains,both,8,126964,694,5,22,24,200,443,85,188.77,"(us, 52)",,,,,10957,5039,7337,9517,5602,144287,55928,88359,29,17767,1760,1771,8395,8446,,Полуавто
327,hebergementweb.org,71,Nofollow,форумная,subdomains,both,20,87209,31,2,4,5,12,8,221,600.60,"(us, 85)",,,,,21229,10962,13266,19027,9042,13076068,5670085,7405983,639,72,2,3,8,15,,Полуавто
328,techplanet.today,70,Nofollow,статейная,subdomains,both,18,107690,245,3,,5,20,217,252,0.13,"(in, 161)",,,,,13456,6437,7616,13398,6632,3032201,1914358,1117843,145,5,,,,,,Полуавто
329,uberant.com,72,Dofollow,статейная,subdomains,both,27,84493,10751,6,50,170,2019,8506,501,132.71,"(in, 221)",,,,,27623,12541,17901,22289,10448,637421,463661,173760,159,,,,,,,Полуавто
330,allaboutschool.activeboard.com,73,Nofollow,форумная,subdomains,both,0.4,59844,,,,,,,,,,,,,,39596,19144,27315,31007,13772,5862397,5050434,811963,12002,4250853,23863,43580,1569065,2598758,,Полуавто
331,cartagena-colombia-travel.activeboard.com,73,Dofollow,форумная,subdomains,both,0.5,59844,1,,,,,1,,0.00,"(ph, 0)",,,,,,,,,,,,,,,,,,,,Полуавто
332,fimfiction.net,73,Nofollow,Профиль,subdomains,both,20,59429,31792,287,1694,2911,9224,17676,35436,8800.90,"(us, 26914)",,,,,31633,11409,21048,27686,12182,34105649,11911649,22194000,1301,"3,63E+08",4076,41842,12272742,14358854,,Полуавто
333,mxsponsor.com,70,Dofollow,статейная,subdomains,both,18,111790,211,26,18,35,61,71,2268,6896.44,"(us, 2254)",,,,,14530,6609,8282,13395,6551,1494667,950267,544400,633,2016337,2947,2964,17861,18069,,Полуавто
334,livepositively.com,73,Dofollow,статейная,subdomains,both,29,62437,60045,503,3151,7394,22567,26430,38858,37517.99,"(in, 17178)",,,,,30056,13340,18188,25612,10653,5138576,4527351,611225,408,9997797,18106,56116,577576,1017233,,Полуавто
335,vevioz.com,71,Dofollow,статейная,subdomains,both,13,95238,3235,4,32,72,735,2392,792,37.85,"(vn, 399)",,,,,43344,16119,33799,34656,14652,3713988,2252965,1461023,416,"2,87E+08",9736,126542,8824663,13597140,,Полуавто
336,freelistingusa.com,73,Dofollow,Профиль,subdomains,both,9,65835,541,,2,,93,446,15,0.36,"(us, 15)",,,,,28233,11390,17700,23488,10621,5310994,4669797,641197,654,"2,16E+08",2828,395192,17496953,18793312,,Полуавто
337,cannabis.net,71,Nofollow,Профиль,subdomains,both,32,91814,25376,40,242,735,5274,19085,761,504.75,"(us, 579)",,,,,15141,6350,9263,12884,6757,1132386,566476,565910,301,1471729,17007,17028,693163,700287,,Полуавто
338,wibki.com,69,Dofollow,Профиль,subdomains,both,18,128411,113,1,6,15,26,65,183,28.90,"(vn, 71)",,,,,16301,7284,9449,16038,7427,3687364,2583790,1103574,725,112041,328,13578,556073,3553632,,Полуавто
339,trackandfieldnews.com,68,Dofollow,форумная,subdomains,both,35,143539,17977,475,835,1215,4605,10847,10653,928.28,"(us, 8908)",,,,,9463,4843,4754,9219,4912,471767,333545,138222,14,1563263,1484,1485,275180,275233,,Полуавто
340,mojandroid.sk,66,Nofollow,Профиль,subdomains,both,8,173652,13663,276,1102,2032,5852,4401,9196,1033.24,"(sk, 9105)",,,,,4178,2966,1309,3446,2026,340987,329975,11012,799,15964453,5640,7105,2770824,5089741,,Полуавто
341,showdream.org,39,Dofollow,профиль,subdomains,both,16,1946906,1039,,2,4,92,941,5,0.00,"(ua, 3)",,,,,4553,1558,3037,4537,2397,72840,33058,39782,2,1171292,93,393,106066,174043,,Полуавто
342,dday.it,72,Dofollow,Профиль,subdomains,both,14,78608,125076,1325,5394,11882,49322,57153,71172,8215.81,"(it, 70806)",,,,,13582,7378,6611,13406,6175,1101705,845167,256538,882,7761133,7039,8153,603464,1152998,,Полуавто
343,seedandspark.com,79,Dofollow,профиль,subdomains,both,25,19189,4374,111,362,491,1409,2001,5882,1191.95,"(us, 3739)",,,,,24601,8730,16249,19655,9779,1194678,752098,442580,294,19,,,,,,Полуавто
344,app.roll20.net,78,Dofollow,профиль,subdomains,both,31,20631,27329,457,2205,3337,7448,13882,57294,5990.67,"(us, 33951)",20,5,1,0.14,51663,20676,33385,41608,17833,9090194,6273845,2816349,1598,"2,50E+08",14523,14654,"1,64E+08","1,68E+08",,Полуавто
345,moz.com,91,Dofollow,профиль,subdomains,both,58,641,78935,6058,7746,9030,23556,32545,1140535,2347758.00,"(us, 765629)",740,889,5482,11112.43,117306,91131,32519,76144,31160,15496997,10780302,4716695,186689,1686476,10080,18692,164230,232248,,Вручную
346,veoh.com,78,Dofollow,профиль,subdomains,both,22,23448,64,10,2,5,9,38,6840,492.75,"(jp, 2586)",,,,,28611,13840,15627,26101,13044,2921498,1600961,1320537,1140,5031160,1,1,4,158532,,Полуавто
347,project1999.com,63,Dofollow,Профиль,subdomains,both,12,220218,10475,369,866,1490,4191,3559,26288,1102.12,"(us, 24257)",,,,,7619,4275,3472,7408,3830,550561,417543,133018,8,58572298,18884,19166,1127876,1537954,,Полуавто
348,sellacious.com,64,Dofollow,Профиль,subdomains,both,10,209991,419,2,6,30,136,245,42,21.89,"(us, 15)",,,,,835,460,384,589,500,56590,54945,1645,8,586384,13,1536,16321,44532,,Полуавто
349,pinshape.com,76,Dofollow,Профиль,subdomains,both,35,34306,9727,24,684,986,4031,4002,7205,1358.84,"(us, 4030)",,,,,60162,22434,39845,46216,18851,10092473,4709081,5383392,4759,5273354,61739,62854,6915528,7943669,,Полуавто
350,openrec.tv,74,Dofollow,профиль,subdomains,both,19,49553,18451,393,1174,2000,6294,8590,164560,28485.13,"(jp, 164297)",,,,,18248,8322,10476,18620,7868,2113335,1473918,639417,78,446400,22831,22834,358260,420680,,Полуавто
351,faireconstruire.com,22,Dofollow,форумная,subdomains,both,0,10147058,1384,12,49,143,522,658,162,42.04,"(fr, 161)",,,,,1331,181,1154,1253,992,3934,1830,2104,8,2333747,4047,4047,147068,147068,,Полуавто
352,Exchange.prx.org,77,Dofollow,статейная,subdomains,both,11,25602,5344,81,310,842,2643,1468,8570,769.36,"(vn, 7513)",,,,,,,,,,,,,,,,,,,,Полуавто
353,as.auto2.info,10,Dofollow,профиль,subdomains,both,0.1,23743986,30,,1,10,13,6,15,0.52,"(kz, 15)",,,,,503,256,248,445,403,6259,1734,4525,,,,,,,,Полуавто
354,myanimelist.net,83,Dofollow,профиль,subdomains,both,48,8223,541676,29592,82884,94816,185963,148421,3715851,1192597.57,"(us, 1276970)",,,,,77352,36852,44131,58774,24874,34929474,26997838,7931636,2111,"6,59E+08",47885,111912,57774243,66795981,,Вручную
355,geocaching.hu,61,Dofollow,статейная,subdomains,both,29,279070,3539,38,174,662,1673,992,2214,239.10,"(hu, 2101)",,,,,3181,1820,1413,2935,1702,1905026,1895665,9361,16,8590204,8331,8395,619735,651895,,Полуавто
356,gumroad.com,91,Dofollow,статейная,subdomains,both,50,627,105710,3347,10092,15192,34676,42403,370031,54574.24,"(us, 117684)",39,81,173,42.06,133770,93357,47150,78563,31036,34800984,30613088,4187896,130722,5127311,20045,47660,647835,1525106,,Вручную
357,goodreads.com,92,Dofollow,профиль,subdomains,both,39,303,4663594,381520,662719,697674,1633347,1288334,20522998,2460181.97,"(us, 9902840)",,,,,350214,284351,85733,166378,61542,"3,50E+08","2,81E+08",69631251,370718,"2,39E+08",127993,183061,11711799,13120079,,Вручную
358,pantip.com,79,Dofollow,профиль,subdomains,both,38,18456,3099602,442875,756340,713936,856555,329896,26813338,1546742.71,"(th, 26463708)",,,,,33930,15624,19547,29616,12574,49725843,44371038,5354805,18619,1993084,11213,11225,1706119,1765956,,Полуавто
359,gta5-mods.com,76,Dofollow,статейная,subdomains,both,22,30538,91347,2917,4352,6808,29772,47498,738182,64993.04,"(us, 129073)",,,,,55840,24261,33396,43388,18092,17206748,11333314,5873434,1453,"3,22E+08",49878,49885,38548262,43983976,,Полуавто
360,slides.com,83,Dofollow,профиль,subdomains,both,36,8635,9766,256,602,1080,4188,3640,22427,4721.40,"(vn, 5273)",,,,,52442,21757,32166,41045,18099,4557266,2777105,1780161,1181,4898722,43446,50342,894007,967664,,Вручную
361,pubhtml5.com,83,Nofollow,профиль,subdomains,both,32,7216,282249,16252,28254,34840,109067,93836,839799,82096.53,"(th, 406263)",,,,,48289,24106,26221,41585,17842,19301282,16132879,3168403,1148,24332680,33,50,10773,13127,,Полуавто
362,sbnation.com,83,Nofollow,Профиль,subdomains,both,32,7653,455642,4531,10755,23552,111066,305738,916252,208693.56,"(us, 492606)",,,,,74958,42637,35096,57236,23640,55643736,25343869,30299867,2764,2934585,3750,3851,4329851,4712939,,Вручную
363,secure.smore.com,82,Nofollow,статейная,subdomains,both,14,9263,84964,1271,4708,10480,34498,34007,48830,27755.16,"(us, 41125)",1,1,106,мар.18,,,,,,,,,,,,,,,,Полуавто
364,tripadvisor.ch,82,Dofollow,Профиль,subdomains,both,9,8783,466749,67510,142241,81344,115582,60072,1652925,587198.26,"(ch, 1346955)",164,214,11183,647.45,7976,5768,2324,6235,3077,925390,804224,121166,16,"8,20E+08",85830,86162,30976651,30996054,,Вручную
365,drupal.org,92,Dofollow,статейная,subdomains,both,47,436,109917,3750,8679,14121,43211,40156,293708,272458.81,"(us, 121423)",2,5,1,,72321,61604,13474,60655,31168,"2,71E+08","2,62E+08",9762068,835,22739329,23133,48995,1963044,2518258,,Вручную
366,ted.com,92,Dofollow,профиль,subdomains,both,41,487,329049,9096,12313,25339,97845,184456,1057215,141310.32,"(us, 389602)",122,231,595,81.71,302310,248356,66568,170005,68996,45246301,42020005,3226296,31802,16423882,16954,62180,2816198,3065625,,Вручную
367,kawaa.drake.free.fr,91,Dofollow,форумная,subdomains,both,0.3,569,,,,,,,,,,,,,,256713,200485,77726,140251,59174,"2,08E+08","1,96E+08",12447687,63027,"3,67E+08",734549,996972,"1,20E+08","1,28E+08",,Полуавто
368,theverge.com,92,Nofollow,Профиль,subdomains,both,42,541,1415995,21540,55587,112070,487353,739445,1286856,653817.41,"(us, 904064)",,,,,246951,205190,57709,156070,62255,28783310,25482120,3301190,36781,30595,475,492,154165,295541,,Вручную
369,pexels.com,92,Dofollow,Профиль,subdomains,both,57,352,2537177,269223,479122,469957,819605,499270,35504134,3182591.26,"(in, 11296258)",,,,,288390,215425,87075,144787,53592,57297904,44777991,12519913,37898,"3,82E+08",45,4894,9054585,43112804,,Вручную
370,online.fliphtml5.com,91,Dofollow,статейная,subdomains,both,16,881,416087,21517,34554,46846,166729,146441,1313329,144734.70,"(my, 353977)",,,,,127615,96735,35726,90172,38040,58213210,52228547,5984663,48126,3678441,179,206,4362,6541,,Полуавто
371,qiita.com,86,Dofollow,профильная,subdomains,both,39,3791,552714,79121,76234,67557,173490,156312,4276860,1655121.79,"(jp, 4251814)",,,,,65928,36826,31429,52519,20942,10085198,6912309,3172889,2458,35108294,7512,99124,7337070,11560448,,Полуавто
372,veented.ticksy.com,91,Nofollow,статейная,subdomains,both,01.фев,827,26,,4,4,5,13,1,0.00,"(us, 1)",,,,,65457,63666,1919,42381,15502,4005221,2316263,1688958,56,1454099,1798,22924,25649,1050953,,Полуавто
373,donaldcook.micro.blog,80,Nofollow,статейная,subdomains,both,0,13002,,,,,,,,,,,,,,31553,12257,20274,25489,12455,5475171,3980374,1494797,8955,6908076,45940,45981,2022761,2110950,,Полуавто
374,librarything.com,80,Nofollow,Профиль,subdomains,both,25,13302,189249,2290,17229,32830,90078,46822,119688,18825.12,"(us, 52530)",,,,,27983,17166,11664,22957,12251,7585630,6236085,1349545,1781,"3,14E+08",56821,88159,2771605,3302286,,Полуавто
375,beacons.ai,85,Dofollow,профиль,,,,,,,,,,,,,,,,,,,,,,,,,,,,,,,,,Полуавто
376,longisland.com,76,Dofollow,Профиль,,,,,,,,,,,,,,,,,,,,,,,,,,,,,,,,,Полуавто
377,influence.co,76,Dofollow,профиль,,,,,,,,,,,,,,,,,,,,,,,,,,,,,,,,,Полуавто
378,rentry.co,76,Dofollow,профиль,,,,,,,,,,,,,,,,,,,,,,,,,,,,,,,,,Полуавто
379,members2.boardhost.com,76,Dofollow,статейная,,,,,,,,,,,,,,,,,,,,,,,,,,,,,,,,,Полуавто
380,bark.com,88,Nofollow,Профиль,Профиль,,,,,,,,,,,,,,,,,,,,,,,,,,,,,,,,Полуавто
381,theringer.com,82,Nofollow,Профиль,,,,,,,,,,,,,,,,,,,,,,,,,,,,,,,,,Полуавто
382,portfoliobox.net,78,Dofollow,статейная,,,,,,,,,,,,,,,,,,,,,,,,,,,,,,,,,Полуавто
383,users.atw.hu,78,Dofollow,форумная,,,,,,,,,,,,,,,,,,,,,,,,,,,,,,,,,Полуавто
384,cakeresume.com,78,Nofollow,профиль,,,,,,,,,,,,,,,,,,,,,,,,,,,,,,,,,Полуавто
385,giphy.com,91,Dofollow,профиль,,,,,,,,,,,,,,,,,,,,,,,,,,,,,,,,,Вручную
386,teletype.in,80,Dofollow,профиль,,,,,,,,,,,,,,,,,,,,,,,,,,,,,,,,,Полуавто
387,blogs.wellesley.edu,78,Nofollow,форумная,,,,,,,,,,,,,,,,,,,,,,,,,,,,,,,,,Полуавто
388,Imagekind.com,77,Dofollow,профиль,,,,,,,,,,,,,,,,,,,,,,,,,,,,,,,,,Полуавто
389,haikudeck.com,75,Dofollow,статейная,,,,,,,,,,,,,,,,,,,,,,,,,,,,,,,,,Полуавто
390,issuu.com,93,Nofollow,Профиль,,,,,,,,,,,,,,,,,,,,,,,,,,,,,,,,,Полуавто
391,wikidot.com,85,Nofollow,статейная,,,,,,,,,,,,,,,,,,,,,,,,,,,,,,,,,Полуавто
392,dzone.com,85,Nofollow,Профиль,,,,,,,,,,,,,,,,,,,,,,,,,,,,,,,,,Полуавто
393,pubpub.org,77,Dofollow,Профиль,,,,,,,,,,,,,,,,,,,,,,,,,,,,,,,,,Полуавто
394,joy.link,77,Dofollow,Профиль,,,,,,,,,,,,,,,,,,,,,,,,,,,,,,,,,Полуавто
395,files.fm,76,Dofollow,Профиль,,,,,,,,,,,,,,,,,,,,,,,,,,,,,,,,,Полуавто
396,shadertoy.com,76,Dofollow,Профиль,,,,,,,,,,,,,,,,,,,,,,,,,,,,,,,,,Полуавто
397,metooo.io,74,Nofollow,статейная,,,,,,,,,,,,,,,,,,,,,,,,,,,,,,,,,Полуавто
398,chordie.com,74,Nofollow,Профиль,,,,,,,,,,,,,,,,,,,,,,,,,,,,,,,,,Полуавто
399,push.fm,73,Dofollow,Профиль,,,,,,,,,,,,,,,,,,,,,,,,,,,,,,,,,Полуавто
400,Newschool.edu,82,Nofollow,форумная,,,,,,,,,,,,,,,,,,,,,,,,,,,,,,,,,Полуавто
401,creativelive.com,80,Nofollow,профиль,,,,,,,,,,,,,,,,,,,,,,,,,,,,,,,,,Полуавто
402,imagekind.com,77,Nofollow,Профиль,,,,,,,,,,,,,,,,,,,,,,,,,,,,,,,,,Полуавто
403,infinityfree.com,71,Dofollow,форумная,,,,,,,,,,,,,,,,,,,,,,,,,,,,,,,,,Полуавто
404,lookingforclan.com,62,Nofollow,статейная,,,,,,,,,,,,,,,,,,,,,,,,,,,,,,,,,Полуавто
405,onlineboxing.net,71,,Профиль,,,,,,,,,,,,,,,,,,,,,,,,,,,,,,,,,Полуавто
406,graphicmama.com,71,Nofollow,Профиль,,,,,,,,,,,,,,,,,,,,,,,,,,,,,,,,,Полуавто
407,horseracingnation.com,71,Nofollow,Профиль,,,,,,,,,,,,,,,,,,,,,,,,,,,,,,,,,Полуавто
408,forum.singaporeexpats.com,71,Dofollow,Профиль,,,,,,,,,,,,,,,,,,,,,,,,,,,,,,,,,Полуавто
409,wpanet.org,71,Nofollow,Профиль,,,,,,,,,,,,,,,,,,,,,,,,,,,,,,,,,Полуавто